"filename", "language", "Go", "Markdown", "JSON", "YAML", "Log", "Django HTML", "JavaScript", "PostCSS", "TypeScript", "JSON with Comments", "SCSS", "TypeScript JSX", "Svelte", "XML", "comment", "blank", "total"
"/home/danny/projects/mei/app.go", "Go", 93, 0, 0, 0, 0, 0, 0, 0, 0, 0, 0, 0, 0, 0, 18, 22, 133
"/home/danny/projects/mei/build/README.md", "Markdown", 0, 25, 0, 0, 0, 0, 0, 0, 0, 0, 0, 0, 0, 0, 0, 10, 35
"/home/danny/projects/mei/build/windows/info.json", "JSON", 0, 0, 15, 0, 0, 0, 0, 0, 0, 0, 0, 0, 0, 0, 0, 0, 15
"/home/danny/projects/mei/files.go", "Go", 21, 0, 0, 0, 0, 0, 0, 0, 0, 0, 0, 0, 0, 0, 0, 4, 25
"/home/danny/projects/mei/frontend/.svelte-kit/ambient.d.ts", "TypeScript", 0, 0, 0, 0, 0, 0, 0, 0, 211, 0, 0, 0, 0, 0, 54, 9, 274
"/home/danny/projects/mei/frontend/.svelte-kit/generated/client-optimized/app.js", "JavaScript", 0, 0, 0, 0, 0, 0, 19, 0, 0, 0, 0, 0, 0, 0, 0, 9, 28
"/home/danny/projects/mei/frontend/.svelte-kit/generated/client-optimized/matchers.js", "JavaScript", 0, 0, 0, 0, 0, 0, 1, 0, 0, 0, 0, 0, 0, 0, 0, 0, 1
"/home/danny/projects/mei/frontend/.svelte-kit/generated/client-optimized/nodes/0.js", "JavaScript", 0, 0, 0, 0, 0, 0, 3, 0, 0, 0, 0, 0, 0, 0, 0, 0, 3
"/home/danny/projects/mei/frontend/.svelte-kit/generated/client-optimized/nodes/1.js", "JavaScript", 0, 0, 0, 0, 0, 0, 1, 0, 0, 0, 0, 0, 0, 0, 0, 0, 1
"/home/danny/projects/mei/frontend/.svelte-kit/generated/client-optimized/nodes/2.js", "JavaScript", 0, 0, 0, 0, 0, 0, 1, 0, 0, 0, 0, 0, 0, 0, 0, 0, 1
"/home/danny/projects/mei/frontend/.svelte-kit/generated/client/app.js", "JavaScript", 0, 0, 0, 0, 0, 0, 19, 0, 0, 0, 0, 0, 0, 0, 0, 9, 28
"/home/danny/projects/mei/frontend/.svelte-kit/generated/client/matchers.js", "JavaScript", 0, 0, 0, 0, 0, 0, 1, 0, 0, 0, 0, 0, 0, 0, 0, 0, 1
"/home/danny/projects/mei/frontend/.svelte-kit/generated/client/nodes/0.js", "JavaScript", 0, 0, 0, 0, 0, 0, 3, 0, 0, 0, 0, 0, 0, 0, 0, 0, 3
"/home/danny/projects/mei/frontend/.svelte-kit/generated/client/nodes/1.js", "JavaScript", 0, 0, 0, 0, 0, 0, 1, 0, 0, 0, 0, 0, 0, 0, 0, 0, 1
"/home/danny/projects/mei/frontend/.svelte-kit/generated/client/nodes/2.js", "JavaScript", 0, 0, 0, 0, 0, 0, 1, 0, 0, 0, 0, 0, 0, 0, 0, 0, 1
"/home/danny/projects/mei/frontend/.svelte-kit/generated/root.js", "JavaScript", 0, 0, 0, 0, 0, 0, 3, 0, 0, 0, 0, 0, 0, 0, 0, 0, 3
"/home/danny/projects/mei/frontend/.svelte-kit/generated/root.svelte", "Svelte", 0, 0, 0, 0, 0, 0, 0, 0, 0, 0, 0, 0, 51, 0, 4, 11, 66
"/home/danny/projects/mei/frontend/.svelte-kit/generated/server/internal.js", "JavaScript", 0, 0, 0, 0, 0, 0, 45, 0, 0, 0, 0, 0, 0, 0, 0, 9, 54
"/home/danny/projects/mei/frontend/.svelte-kit/non-ambient.d.ts", "TypeScript", 0, 0, 0, 0, 0, 0, 0, 0, 33, 0, 0, 0, 0, 0, 1, 7, 41
"/home/danny/projects/mei/frontend/.svelte-kit/output/client/.vite/manifest.json", "JSON", 0, 0, 109, 0, 0, 0, 0, 0, 0, 0, 0, 0, 0, 0, 0, 0, 109
"/home/danny/projects/mei/frontend/.svelte-kit/output/client/_app/immutable/assets/0.D7qUynoN.css", "PostCSS", 0, 0, 0, 0, 0, 0, 0, 1, 0, 0, 0, 0, 0, 0, 0, 1, 2
"/home/danny/projects/mei/frontend/.svelte-kit/output/client/_app/immutable/chunks/CG7Bv1rM.js", "JavaScript", 0, 0, 0, 0, 0, 0, 1, 0, 0, 0, 0, 0, 0, 0, 0, 1, 2
"/home/danny/projects/mei/frontend/.svelte-kit/output/client/_app/immutable/chunks/C_t2Mg_Y.js", "JavaScript", 0, 0, 0, 0, 0, 0, 3, 0, 0, 0, 0, 0, 0, 0, 0, 0, 3
"/home/danny/projects/mei/frontend/.svelte-kit/output/client/_app/immutable/chunks/DPWHifQI.js", "JavaScript", 0, 0, 0, 0, 0, 0, 1, 0, 0, 0, 0, 0, 0, 0, 0, 1, 2
"/home/danny/projects/mei/frontend/.svelte-kit/output/client/_app/immutable/chunks/DsnmJJEf.js", "JavaScript", 0, 0, 0, 0, 0, 0, 1, 0, 0, 0, 0, 0, 0, 0, 0, 1, 2
"/home/danny/projects/mei/frontend/.svelte-kit/output/client/_app/immutable/chunks/HfsbLtA3.js", "JavaScript", 0, 0, 0, 0, 0, 0, 47, 0, 0, 0, 0, 0, 0, 0, 0, 0, 47
"/home/danny/projects/mei/frontend/.svelte-kit/output/client/_app/immutable/chunks/h-Ju7Zkj.js", "JavaScript", 0, 0, 0, 0, 0, 0, 4, 0, 0, 0, 0, 0, 0, 0, 0, 0, 4
"/home/danny/projects/mei/frontend/.svelte-kit/output/client/_app/immutable/entry/app.ESlQ1dyl.js", "JavaScript", 0, 0, 0, 0, 0, 0, 2, 0, 0, 0, 0, 0, 0, 0, 0, 1, 3
"/home/danny/projects/mei/frontend/.svelte-kit/output/client/_app/immutable/entry/start.BuYGeZAB.js", "JavaScript", 0, 0, 0, 0, 0, 0, 1, 0, 0, 0, 0, 0, 0, 0, 0, 1, 2
"/home/danny/projects/mei/frontend/.svelte-kit/output/client/_app/immutable/nodes/0.BA4SZu6C.js", "JavaScript", 0, 0, 0, 0, 0, 0, 53, 0, 0, 0, 0, 0, 0, 0, 0, 0, 53
"/home/danny/projects/mei/frontend/.svelte-kit/output/client/_app/immutable/nodes/1.CHOO8ZVt.js", "JavaScript", 0, 0, 0, 0, 0, 0, 1, 0, 0, 0, 0, 0, 0, 0, 0, 1, 2
"/home/danny/projects/mei/frontend/.svelte-kit/output/client/_app/immutable/nodes/2.Cp2-uTyJ.js", "JavaScript", 0, 0, 0, 0, 0, 0, 418, 0, 0, 0, 0, 0, 0, 0, 0, 20, 438
"/home/danny/projects/mei/frontend/.svelte-kit/output/client/_app/version.json", "JSON", 0, 0, 1, 0, 0, 0, 0, 0, 0, 0, 0, 0, 0, 0, 0, 0, 1
"/home/danny/projects/mei/frontend/.svelte-kit/output/prerendered/dependencies/_app/env.js", "JavaScript", 0, 0, 0, 0, 0, 0, 1, 0, 0, 0, 0, 0, 0, 0, 0, 0, 1
"/home/danny/projects/mei/frontend/.svelte-kit/output/prerendered/pages/index.html", "Django HTML", 0, 0, 0, 0, 0, 31, 0, 0, 0, 0, 0, 0, 0, 0, 0, 4, 35
"/home/danny/projects/mei/frontend/.svelte-kit/output/server/.vite/manifest.json", "JSON", 0, 0, 159, 0, 0, 0, 0, 0, 0, 0, 0, 0, 0, 0, 0, 0, 159
"/home/danny/projects/mei/frontend/.svelte-kit/output/server/_app/immutable/assets/_layout.nAxyQ3wm.css", "PostCSS", 0, 0, 0, 0, 0, 0, 0, 1, 0, 0, 0, 0, 0, 0, 0, 1, 2
"/home/danny/projects/mei/frontend/.svelte-kit/output/server/chunks/context.js", "JavaScript", 0, 0, 0, 0, 0, 0, 77, 0, 0, 0, 0, 0, 0, 0, 1, 1, 79
"/home/danny/projects/mei/frontend/.svelte-kit/output/server/chunks/environment.js", "JavaScript", 0, 0, 0, 0, 0, 0, 34, 0, 0, 0, 0, 0, 0, 0, 0, 1, 35
"/home/danny/projects/mei/frontend/.svelte-kit/output/server/chunks/equality.js", "JavaScript", 0, 0, 0, 0, 0, 0, 14, 0, 0, 0, 0, 0, 0, 0, 0, 1, 15
"/home/danny/projects/mei/frontend/.svelte-kit/output/server/chunks/events.js", "JavaScript", 0, 0, 0, 0, 0, 0, 1585, 0, 0, 0, 0, 0, 0, 0, 120, 1, 1706
"/home/danny/projects/mei/frontend/.svelte-kit/output/server/chunks/exports.js", "JavaScript", 0, 0, 0, 0, 0, 0, 230, 0, 0, 0, 0, 0, 0, 0, 2, 1, 233
"/home/danny/projects/mei/frontend/.svelte-kit/output/server/chunks/false.js", "JavaScript", 0, 0, 0, 0, 0, 0, 4, 0, 0, 0, 0, 0, 0, 0, 0, 1, 5
"/home/danny/projects/mei/frontend/.svelte-kit/output/server/chunks/index.js", "JavaScript", 0, 0, 0, 0, 0, 0, 769, 0, 0, 0, 0, 0, 0, 0, 178, 1, 948
"/home/danny/projects/mei/frontend/.svelte-kit/output/server/chunks/index2.js", "JavaScript", 0, 0, 0, 0, 0, 0, 213, 0, 0, 0, 0, 0, 0, 0, 49, 1, 263
"/home/danny/projects/mei/frontend/.svelte-kit/output/server/chunks/internal.js", "JavaScript", 0, 0, 0, 0, 0, 0, 812, 0, 0, 0, 0, 0, 0, 0, 85, 7, 904
"/home/danny/projects/mei/frontend/.svelte-kit/output/server/chunks/shared.js", "JavaScript", 0, 0, 0, 0, 0, 0, 514, 0, 0, 0, 0, 0, 0, 0, 6, 1, 521
"/home/danny/projects/mei/frontend/.svelte-kit/output/server/chunks/utils.js", "JavaScript", 0, 0, 0, 0, 0, 0, 43, 0, 0, 0, 0, 0, 0, 0, 0, 1, 44
"/home/danny/projects/mei/frontend/.svelte-kit/output/server/chunks/utils2.js", "JavaScript", 0, 0, 0, 0, 0, 0, 43, 0, 0, 0, 0, 0, 0, 0, 0, 1, 44
"/home/danny/projects/mei/frontend/.svelte-kit/output/server/entries/fallbacks/error.svelte.js", "JavaScript", 0, 0, 0, 0, 0, 0, 55, 0, 0, 0, 0, 0, 0, 0, 1, 1, 57
"/home/danny/projects/mei/frontend/.svelte-kit/output/server/entries/pages/_layout.svelte.js", "JavaScript", 0, 0, 0, 0, 0, 0, 1416, 0, 0, 0, 0, 0, 0, 0, 100, 1, 1517
"/home/danny/projects/mei/frontend/.svelte-kit/output/server/entries/pages/_layout.ts.js", "JavaScript", 0, 0, 0, 0, 0, 0, 6, 0, 0, 0, 0, 0, 0, 0, 0, 1, 7
"/home/danny/projects/mei/frontend/.svelte-kit/output/server/entries/pages/_page.svelte.js", "JavaScript", 0, 0, 0, 0, 0, 0, 5344, 0, 0, 0, 0, 0, 0, 0, 352, 1, 5697
"/home/danny/projects/mei/frontend/.svelte-kit/output/server/index.js", "JavaScript", 0, 0, 0, 0, 0, 0, 4281, 0, 0, 0, 0, 0, 0, 0, 185, 1, 4467
"/home/danny/projects/mei/frontend/.svelte-kit/output/server/internal.js", "JavaScript", 0, 0, 0, 0, 0, 0, 13, 0, 0, 0, 0, 0, 0, 0, 0, 1, 14
"/home/danny/projects/mei/frontend/.svelte-kit/output/server/manifest-full.js", "JavaScript", 0, 0, 0, 0, 0, 0, 36, 0, 0, 0, 0, 0, 0, 0, 0, 4, 40
"/home/danny/projects/mei/frontend/.svelte-kit/output/server/manifest.js", "JavaScript", 0, 0, 0, 0, 0, 0, 28, 0, 0, 0, 0, 0, 0, 0, 0, 5, 33
"/home/danny/projects/mei/frontend/.svelte-kit/output/server/nodes/0.js", "JavaScript", 0, 0, 0, 0, 0, 0, 11, 0, 0, 0, 0, 0, 0, 0, 0, 3, 14
"/home/danny/projects/mei/frontend/.svelte-kit/output/server/nodes/1.js", "JavaScript", 0, 0, 0, 0, 0, 0, 6, 0, 0, 0, 0, 0, 0, 0, 0, 3, 9
"/home/danny/projects/mei/frontend/.svelte-kit/output/server/nodes/2.js", "JavaScript", 0, 0, 0, 0, 0, 0, 6, 0, 0, 0, 0, 0, 0, 0, 0, 3, 9
"/home/danny/projects/mei/frontend/.svelte-kit/output/server/remote-entry.js", "JavaScript", 0, 0, 0, 0, 0, 0, 800, 0, 0, 0, 0, 0, 0, 0, 24, 1, 825
"/home/danny/projects/mei/frontend/.svelte-kit/tsconfig.json", "JSON with Comments", 0, 0, 0, 0, 0, 0, 0, 0, 0, 52, 0, 0, 0, 0, 0, 0, 52
"/home/danny/projects/mei/frontend/.svelte-kit/types/route_meta_data.json", "JSON", 0, 0, 6, 0, 0, 0, 0, 0, 0, 0, 0, 0, 0, 0, 0, 0, 6
"/home/danny/projects/mei/frontend/.svelte-kit/types/src/routes/$types.d.ts", "TypeScript", 0, 0, 0, 0, 0, 0, 0, 0, 23, 0, 0, 0, 0, 0, 1, 2, 26
"/home/danny/projects/mei/frontend/build/_app/env.js", "JavaScript", 0, 0, 0, 0, 0, 0, 1, 0, 0, 0, 0, 0, 0, 0, 0, 0, 1
"/home/danny/projects/mei/frontend/build/_app/immutable/assets/0.D7qUynoN.css", "PostCSS", 0, 0, 0, 0, 0, 0, 0, 1, 0, 0, 0, 0, 0, 0, 0, 1, 2
"/home/danny/projects/mei/frontend/build/_app/immutable/chunks/CG7Bv1rM.js", "JavaScript", 0, 0, 0, 0, 0, 0, 1, 0, 0, 0, 0, 0, 0, 0, 0, 1, 2
"/home/danny/projects/mei/frontend/build/_app/immutable/chunks/C_t2Mg_Y.js", "JavaScript", 0, 0, 0, 0, 0, 0, 3, 0, 0, 0, 0, 0, 0, 0, 0, 0, 3
"/home/danny/projects/mei/frontend/build/_app/immutable/chunks/DPWHifQI.js", "JavaScript", 0, 0, 0, 0, 0, 0, 1, 0, 0, 0, 0, 0, 0, 0, 0, 1, 2
"/home/danny/projects/mei/frontend/build/_app/immutable/chunks/DsnmJJEf.js", "JavaScript", 0, 0, 0, 0, 0, 0, 1, 0, 0, 0, 0, 0, 0, 0, 0, 1, 2
"/home/danny/projects/mei/frontend/build/_app/immutable/chunks/HfsbLtA3.js", "JavaScript", 0, 0, 0, 0, 0, 0, 47, 0, 0, 0, 0, 0, 0, 0, 0, 0, 47
"/home/danny/projects/mei/frontend/build/_app/immutable/chunks/h-Ju7Zkj.js", "JavaScript", 0, 0, 0, 0, 0, 0, 4, 0, 0, 0, 0, 0, 0, 0, 0, 0, 4
"/home/danny/projects/mei/frontend/build/_app/immutable/entry/app.ESlQ1dyl.js", "JavaScript", 0, 0, 0, 0, 0, 0, 2, 0, 0, 0, 0, 0, 0, 0, 0, 1, 3
"/home/danny/projects/mei/frontend/build/_app/immutable/entry/start.BuYGeZAB.js", "JavaScript", 0, 0, 0, 0, 0, 0, 1, 0, 0, 0, 0, 0, 0, 0, 0, 1, 2
"/home/danny/projects/mei/frontend/build/_app/immutable/nodes/0.BA4SZu6C.js", "JavaScript", 0, 0, 0, 0, 0, 0, 53, 0, 0, 0, 0, 0, 0, 0, 0, 0, 53
"/home/danny/projects/mei/frontend/build/_app/immutable/nodes/1.CHOO8ZVt.js", "JavaScript", 0, 0, 0, 0, 0, 0, 1, 0, 0, 0, 0, 0, 0, 0, 0, 1, 2
"/home/danny/projects/mei/frontend/build/_app/immutable/nodes/2.Cp2-uTyJ.js", "JavaScript", 0, 0, 0, 0, 0, 0, 418, 0, 0, 0, 0, 0, 0, 0, 0, 20, 438
"/home/danny/projects/mei/frontend/build/_app/version.json", "JSON", 0, 0, 1, 0, 0, 0, 0, 0, 0, 0, 0, 0, 0, 0, 0, 0, 1
"/home/danny/projects/mei/frontend/build/index.html", "Django HTML", 0, 0, 0, 0, 0, 31, 0, 0, 0, 0, 0, 0, 0, 0, 0, 4, 35
"/home/danny/projects/mei/frontend/components.json", "JSON", 0, 0, 16, 0, 0, 0, 0, 0, 0, 0, 0, 0, 0, 0, 0, 1, 17
"/home/danny/projects/mei/frontend/package.json", "JSON", 0, 0, 66, 0, 0, 0, 0, 0, 0, 0, 0, 0, 0, 0, 0, 1, 67
"/home/danny/projects/mei/frontend/pnpm-lock.yaml", "YAML", 0, 0, 0, 3213, 0, 0, 0, 0, 0, 0, 0, 0, 0, 0, 0, 886, 4099
"/home/danny/projects/mei/frontend/pnpm-workspace.yaml", "YAML", 0, 0, 0, 3, 0, 0, 0, 0, 0, 0, 0, 0, 0, 0, 0, 1, 4
"/home/danny/projects/mei/frontend/src/app.css", "PostCSS", 0, 0, 0, 0, 0, 0, 0, 153, 0, 0, 0, 0, 0, 0, 0, 15, 168
"/home/danny/projects/mei/frontend/src/components/Tiptap.tsx", "TypeScript JSX", 0, 0, 0, 0, 0, 0, 0, 0, 0, 0, 0, 53, 0, 0, 10, 6, 69
"/home/danny/projects/mei/frontend/src/components/tiptap-icons/heading-five-icon.tsx", "TypeScript JSX", 0, 0, 0, 0, 0, 0, 0, 0, 0, 0, 0, 26, 0, 0, 0, 3, 29
"/home/danny/projects/mei/frontend/src/components/tiptap-icons/heading-four-icon.tsx", "TypeScript JSX", 0, 0, 0, 0, 0, 0, 0, 0, 0, 0, 0, 26, 0, 0, 0, 3, 29
"/home/danny/projects/mei/frontend/src/components/tiptap-icons/heading-one-icon.tsx", "TypeScript JSX", 0, 0, 0, 0, 0, 0, 0, 0, 0, 0, 0, 26, 0, 0, 0, 3, 29
"/home/danny/projects/mei/frontend/src/components/tiptap-icons/heading-six-icon.tsx", "TypeScript JSX", 0, 0, 0, 0, 0, 0, 0, 0, 0, 0, 0, 28, 0, 0, 0, 3, 31
"/home/danny/projects/mei/frontend/src/components/tiptap-icons/heading-three-icon.tsx", "TypeScript JSX", 0, 0, 0, 0, 0, 0, 0, 0, 0, 0, 0, 34, 0, 0, 0, 3, 37
"/home/danny/projects/mei/frontend/src/components/tiptap-icons/heading-two-icon.tsx", "TypeScript JSX", 0, 0, 0, 0, 0, 0, 0, 0, 0, 0, 0, 26, 0, 0, 0, 3, 29
"/home/danny/projects/mei/frontend/src/components/tiptap-ui-primitive/badge/badge-colors.scss", "SCSS", 0, 0, 0, 0, 0, 0, 0, 0, 0, 0, 340, 0, 0, 0, 35, 21, 396
"/home/danny/projects/mei/frontend/src/components/tiptap-ui-primitive/badge/badge-group.scss", "SCSS", 0, 0, 0, 0, 0, 0, 0, 0, 0, 0, 14, 0, 0, 0, 0, 3, 17
"/home/danny/projects/mei/frontend/src/components/tiptap-ui-primitive/badge/badge.scss", "SCSS", 0, 0, 0, 0, 0, 0, 0, 0, 0, 0, 77, 0, 0, 0, 9, 14, 100
"/home/danny/projects/mei/frontend/src/components/tiptap-ui-primitive/badge/badge.tsx", "TypeScript JSX", 0, 0, 0, 0, 0, 0, 0, 0, 0, 0, 0, 41, 0, 0, 0, 6, 47
"/home/danny/projects/mei/frontend/src/components/tiptap-ui-primitive/badge/index.tsx", "TypeScript JSX", 0, 0, 0, 0, 0, 0, 0, 0, 0, 0, 0, 1, 0, 0, 0, 1, 2
"/home/danny/projects/mei/frontend/src/components/tiptap-ui-primitive/button/button-colors.scss", "SCSS", 0, 0, 0, 0, 0, 0, 0, 0, 0, 0, 302, 0, 0, 0, 81, 47, 430
"/home/danny/projects/mei/frontend/src/components/tiptap-ui-primitive/button/button-group.scss", "SCSS", 0, 0, 0, 0, 0, 0, 0, 0, 0, 0, 19, 0, 0, 0, 0, 4, 23
"/home/danny/projects/mei/frontend/src/components/tiptap-ui-primitive/button/button.scss", "SCSS", 0, 0, 0, 0, 0, 0, 0, 0, 0, 0, 238, 0, 0, 0, 20, 57, 315
"/home/danny/projects/mei/frontend/src/components/tiptap-ui-primitive/button/button.tsx", "TypeScript JSX", 0, 0, 0, 0, 0, 0, 0, 0, 0, 0, 0, 100, 0, 0, 2, 13, 115
"/home/danny/projects/mei/frontend/src/components/tiptap-ui-primitive/button/index.tsx", "TypeScript JSX", 0, 0, 0, 0, 0, 0, 0, 0, 0, 0, 0, 1, 0, 0, 0, 1, 2
"/home/danny/projects/mei/frontend/src/components/tiptap-ui-primitive/tooltip/index.tsx", "TypeScript JSX", 0, 0, 0, 0, 0, 0, 0, 0, 0, 0, 0, 1, 0, 0, 0, 1, 2
"/home/danny/projects/mei/frontend/src/components/tiptap-ui-primitive/tooltip/tooltip.scss", "SCSS", 0, 0, 0, 0, 0, 0, 0, 0, 0, 0, 40, 0, 0, 0, 0, 4, 44
"/home/danny/projects/mei/frontend/src/components/tiptap-ui-primitive/tooltip/tooltip.tsx", "TypeScript JSX", 0, 0, 0, 0, 0, 0, 0, 0, 0, 0, 0, 201, 0, 0, 0, 29, 230
"/home/danny/projects/mei/frontend/src/components/tiptap-ui/heading-button/heading-button.tsx", "TypeScript JSX", 0, 0, 0, 0, 0, 0, 0, 0, 0, 0, 0, 103, 0, 0, 15, 11, 129
"/home/danny/projects/mei/frontend/src/components/tiptap-ui/heading-button/index.tsx", "TypeScript JSX", 0, 0, 0, 0, 0, 0, 0, 0, 0, 0, 0, 2, 0, 0, 0, 1, 3
"/home/danny/projects/mei/frontend/src/components/tiptap-ui/heading-button/use-heading.ts", "TypeScript", 0, 0, 0, 0, 0, 0, 0, 0, 188, 0, 0, 0, 0, 0, 79, 47, 314
"/home/danny/projects/mei/frontend/src/lib/assets/favicon.svg", "XML", 0, 0, 0, 0, 0, 0, 0, 0, 0, 0, 0, 0, 0, 1, 0, 0, 1
"/home/danny/projects/mei/frontend/src/lib/components/Editor.svelte", "Svelte", 0, 0, 0, 0, 0, 0, 0, 0, 0, 0, 0, 0, 6, 0, 0, 2, 8
"/home/danny/projects/mei/frontend/src/lib/components/Search.svelte", "Svelte", 0, 0, 0, 0, 0, 0, 0, 0, 0, 0, 0, 0, 80, 0, 0, 14, 94
"/home/danny/projects/mei/frontend/src/lib/components/top-bar.svelte", "Svelte", 0, 0, 0, 0, 0, 0, 0, 0, 0, 0, 0, 0, 36, 0, 0, 2, 38
"/home/danny/projects/mei/frontend/src/lib/components/ui/accordion/accordion-content.svelte", "Svelte", 0, 0, 0, 0, 0, 0, 0, 0, 0, 0, 0, 0, 20, 0, 0, 3, 23
"/home/danny/projects/mei/frontend/src/lib/components/ui/accordion/accordion-item.svelte", "Svelte", 0, 0, 0, 0, 0, 0, 0, 0, 0, 0, 0, 0, 15, 0, 0, 3, 18
"/home/danny/projects/mei/frontend/src/lib/components/ui/accordion/accordion-trigger.svelte", "Svelte", 0, 0, 0, 0, 0, 0, 0, 0, 0, 0, 0, 0, 30, 0, 0, 3, 33
"/home/danny/projects/mei/frontend/src/lib/components/ui/accordion/accordion.svelte", "Svelte", 0, 0, 0, 0, 0, 0, 0, 0, 0, 0, 0, 0, 14, 0, 0, 3, 17
"/home/danny/projects/mei/frontend/src/lib/components/ui/accordion/index.ts", "TypeScript", 0, 0, 0, 0, 0, 0, 0, 0, 14, 0, 0, 0, 0, 0, 1, 2, 17
"/home/danny/projects/mei/frontend/src/lib/components/ui/alert-dialog/alert-dialog-action.svelte", "Svelte", 0, 0, 0, 0, 0, 0, 0, 0, 0, 0, 0, 0, 16, 0, 0, 3, 19
"/home/danny/projects/mei/frontend/src/lib/components/ui/alert-dialog/alert-dialog-cancel.svelte", "Svelte", 0, 0, 0, 0, 0, 0, 0, 0, 0, 0, 0, 0, 16, 0, 0, 3, 19
"/home/danny/projects/mei/frontend/src/lib/components/ui/alert-dialog/alert-dialog-content.svelte", "Svelte", 0, 0, 0, 0, 0, 0, 0, 0, 0, 0, 0, 0, 25, 0, 0, 3, 28
"/home/danny/projects/mei/frontend/src/lib/components/ui/alert-dialog/alert-dialog-description.svelte", "Svelte", 0, 0, 0, 0, 0, 0, 0, 0, 0, 0, 0, 0, 15, 0, 0, 3, 18
"/home/danny/projects/mei/frontend/src/lib/components/ui/alert-dialog/alert-dialog-footer.svelte", "Svelte", 0, 0, 0, 0, 0, 0, 0, 0, 0, 0, 0, 0, 18, 0, 0, 3, 21
"/home/danny/projects/mei/frontend/src/lib/components/ui/alert-dialog/alert-dialog-header.svelte", "Svelte", 0, 0, 0, 0, 0, 0, 0, 0, 0, 0, 0, 0, 18, 0, 0, 3, 21
"/home/danny/projects/mei/frontend/src/lib/components/ui/alert-dialog/alert-dialog-overlay.svelte", "Svelte", 0, 0, 0, 0, 0, 0, 0, 0, 0, 0, 0, 0, 18, 0, 0, 3, 21
"/home/danny/projects/mei/frontend/src/lib/components/ui/alert-dialog/alert-dialog-title.svelte", "Svelte", 0, 0, 0, 0, 0, 0, 0, 0, 0, 0, 0, 0, 15, 0, 0, 3, 18
"/home/danny/projects/mei/frontend/src/lib/components/ui/alert-dialog/alert-dialog-trigger.svelte", "Svelte", 0, 0, 0, 0, 0, 0, 0, 0, 0, 0, 0, 0, 5, 0, 0, 3, 8
"/home/danny/projects/mei/frontend/src/lib/components/ui/alert-dialog/index.ts", "TypeScript", 0, 0, 0, 0, 0, 0, 0, 0, 36, 0, 0, 0, 0, 0, 1, 3, 40
"/home/danny/projects/mei/frontend/src/lib/components/ui/alert/alert-description.svelte", "Svelte", 0, 0, 0, 0, 0, 0, 0, 0, 0, 0, 0, 0, 21, 0, 0, 3, 24
"/home/danny/projects/mei/frontend/src/lib/components/ui/alert/alert-title.svelte", "Svelte", 0, 0, 0, 0, 0, 0, 0, 0, 0, 0, 0, 0, 18, 0, 0, 3, 21
"/home/danny/projects/mei/frontend/src/lib/components/ui/alert/alert.svelte", "Svelte", 0, 0, 0, 0, 0, 0, 0, 0, 0, 0, 0, 0, 39, 0, 0, 6, 45
"/home/danny/projects/mei/frontend/src/lib/components/ui/alert/index.ts", "TypeScript", 0, 0, 0, 0, 0, 0, 0, 0, 12, 0, 0, 0, 0, 0, 1, 2, 15
"/home/danny/projects/mei/frontend/src/lib/components/ui/aspect-ratio/aspect-ratio.svelte", "Svelte", 0, 0, 0, 0, 0, 0, 0, 0, 0, 0, 0, 0, 5, 0, 0, 3, 8
"/home/danny/projects/mei/frontend/src/lib/components/ui/aspect-ratio/index.ts", "TypeScript", 0, 0, 0, 0, 0, 0, 0, 0, 2, 0, 0, 0, 0, 0, 0, 2, 4
"/home/danny/projects/mei/frontend/src/lib/components/ui/avatar/avatar-fallback.svelte", "Svelte", 0, 0, 0, 0, 0, 0, 0, 0, 0, 0, 0, 0, 15, 0, 0, 3, 18
"/home/danny/projects/mei/frontend/src/lib/components/ui/avatar/avatar-image.svelte", "Svelte", 0, 0, 0, 0, 0, 0, 0, 0, 0, 0, 0, 0, 15, 0, 0, 3, 18
"/home/danny/projects/mei/frontend/src/lib/components/ui/avatar/avatar.svelte", "Svelte", 0, 0, 0, 0, 0, 0, 0, 0, 0, 0, 0, 0, 17, 0, 0, 3, 20
"/home/danny/projects/mei/frontend/src/lib/components/ui/avatar/index.ts", "TypeScript", 0, 0, 0, 0, 0, 0, 0, 0, 11, 0, 0, 0, 0, 0, 1, 2, 14
"/home/danny/projects/mei/frontend/src/lib/components/ui/badge/badge.svelte", "Svelte", 0, 0, 0, 0, 0, 0, 0, 0, 0, 0, 0, 0, 45, 0, 0, 6, 51
"/home/danny/projects/mei/frontend/src/lib/components/ui/badge/index.ts", "TypeScript", 0, 0, 0, 0, 0, 0, 0, 0, 2, 0, 0, 0, 0, 0, 0, 1, 3
"/home/danny/projects/mei/frontend/src/lib/components/ui/breadcrumb/breadcrumb-ellipsis.svelte", "Svelte", 0, 0, 0, 0, 0, 0, 0, 0, 0, 0, 0, 0, 21, 0, 0, 3, 24
"/home/danny/projects/mei/frontend/src/lib/components/ui/breadcrumb/breadcrumb-item.svelte", "Svelte", 0, 0, 0, 0, 0, 0, 0, 0, 0, 0, 0, 0, 18, 0, 0, 3, 21
"/home/danny/projects/mei/frontend/src/lib/components/ui/breadcrumb/breadcrumb-link.svelte", "Svelte", 0, 0, 0, 0, 0, 0, 0, 0, 0, 0, 0, 0, 28, 0, 0, 4, 32
"/home/danny/projects/mei/frontend/src/lib/components/ui/breadcrumb/breadcrumb-list.svelte", "Svelte", 0, 0, 0, 0, 0, 0, 0, 0, 0, 0, 0, 0, 21, 0, 0, 3, 24
"/home/danny/projects/mei/frontend/src/lib/components/ui/breadcrumb/breadcrumb-page.svelte", "Svelte", 0, 0, 0, 0, 0, 0, 0, 0, 0, 0, 0, 0, 21, 0, 0, 3, 24
"/home/danny/projects/mei/frontend/src/lib/components/ui/breadcrumb/breadcrumb-separator.svelte", "Svelte", 0, 0, 0, 0, 0, 0, 0, 0, 0, 0, 0, 0, 25, 0, 0, 3, 28
"/home/danny/projects/mei/frontend/src/lib/components/ui/breadcrumb/breadcrumb.svelte", "Svelte", 0, 0, 0, 0, 0, 0, 0, 0, 0, 0, 0, 0, 19, 0, 0, 3, 22
"/home/danny/projects/mei/frontend/src/lib/components/ui/breadcrumb/index.ts", "TypeScript", 0, 0, 0, 0, 0, 0, 0, 0, 23, 0, 0, 0, 0, 0, 1, 2, 26
"/home/danny/projects/mei/frontend/src/lib/components/ui/button-group/button-group-separator.svelte", "Svelte", 0, 0, 0, 0, 0, 0, 0, 0, 0, 0, 0, 0, 16, 0, 0, 3, 19
"/home/danny/projects/mei/frontend/src/lib/components/ui/button-group/button-group-text.svelte", "Svelte", 0, 0, 0, 0, 0, 0, 0, 0, 0, 0, 0, 0, 29, 0, 0, 5, 34
"/home/danny/projects/mei/frontend/src/lib/components/ui/button-group/button-group.svelte", "Svelte", 0, 0, 0, 0, 0, 0, 0, 0, 0, 0, 0, 0, 39, 0, 0, 6, 45
"/home/danny/projects/mei/frontend/src/lib/components/ui/button-group/index.ts", "TypeScript", 0, 0, 0, 0, 0, 0, 0, 0, 11, 0, 0, 0, 0, 0, 1, 2, 14
"/home/danny/projects/mei/frontend/src/lib/components/ui/button/button.svelte", "Svelte", 0, 0, 0, 0, 0, 0, 0, 0, 0, 0, 0, 0, 77, 0, 0, 6, 83
"/home/danny/projects/mei/frontend/src/lib/components/ui/button/index.ts", "TypeScript", 0, 0, 0, 0, 0, 0, 0, 0, 15, 0, 0, 0, 0, 0, 1, 2, 18
"/home/danny/projects/mei/frontend/src/lib/components/ui/calendar/calendar-caption.svelte", "Svelte", 0, 0, 0, 0, 0, 0, 0, 0, 0, 0, 0, 0, 70, 0, 0, 7, 77
"/home/danny/projects/mei/frontend/src/lib/components/ui/calendar/calendar-cell.svelte", "Svelte", 0, 0, 0, 0, 0, 0, 0, 0, 0, 0, 0, 0, 17, 0, 0, 3, 20
"/home/danny/projects/mei/frontend/src/lib/components/ui/calendar/calendar-day.svelte", "Svelte", 0, 0, 0, 0, 0, 0, 0, 0, 0, 0, 0, 0, 33, 0, 0, 3, 36
"/home/danny/projects/mei/frontend/src/lib/components/ui/calendar/calendar-grid-body.svelte", "Svelte", 0, 0, 0, 0, 0, 0, 0, 0, 0, 0, 0, 0, 10, 0, 0, 3, 13
"/home/danny/projects/mei/frontend/src/lib/components/ui/calendar/calendar-grid-head.svelte", "Svelte", 0, 0, 0, 0, 0, 0, 0, 0, 0, 0, 0, 0, 10, 0, 0, 3, 13
"/home/danny/projects/mei/frontend/src/lib/components/ui/calendar/calendar-grid-row.svelte", "Svelte", 0, 0, 0, 0, 0, 0, 0, 0, 0, 0, 0, 0, 10, 0, 0, 3, 13
"/home/danny/projects/mei/frontend/src/lib/components/ui/calendar/calendar-grid.svelte", "Svelte", 0, 0, 0, 0, 0, 0, 0, 0, 0, 0, 0, 0, 14, 0, 0, 3, 17
"/home/danny/projects/mei/frontend/src/lib/components/ui/calendar/calendar-head-cell.svelte", "Svelte", 0, 0, 0, 0, 0, 0, 0, 0, 0, 0, 0, 0, 17, 0, 0, 3, 20
"/home/danny/projects/mei/frontend/src/lib/components/ui/calendar/calendar-header.svelte", "Svelte", 0, 0, 0, 0, 0, 0, 0, 0, 0, 0, 0, 0, 17, 0, 0, 3, 20
"/home/danny/projects/mei/frontend/src/lib/components/ui/calendar/calendar-heading.svelte", "Svelte", 0, 0, 0, 0, 0, 0, 0, 0, 0, 0, 0, 0, 14, 0, 0, 3, 17
"/home/danny/projects/mei/frontend/src/lib/components/ui/calendar/calendar-month-select.svelte", "Svelte", 0, 0, 0, 0, 0, 0, 0, 0, 0, 0, 0, 0, 42, 0, 0, 3, 45
"/home/danny/projects/mei/frontend/src/lib/components/ui/calendar/calendar-month.svelte", "Svelte", 0, 0, 0, 0, 0, 0, 0, 0, 0, 0, 0, 0, 13, 0, 0, 3, 16
"/home/danny/projects/mei/frontend/src/lib/components/ui/calendar/calendar-months.svelte", "Svelte", 0, 0, 0, 0, 0, 0, 0, 0, 0, 0, 0, 0, 17, 0, 0, 3, 20
"/home/danny/projects/mei/frontend/src/lib/components/ui/calendar/calendar-nav.svelte", "Svelte", 0, 0, 0, 0, 0, 0, 0, 0, 0, 0, 0, 0, 17, 0, 0, 3, 20
"/home/danny/projects/mei/frontend/src/lib/components/ui/calendar/calendar-next-button.svelte", "Svelte", 0, 0, 0, 0, 0, 0, 0, 0, 0, 0, 0, 0, 28, 0, 0, 4, 32
"/home/danny/projects/mei/frontend/src/lib/components/ui/calendar/calendar-prev-button.svelte", "Svelte", 0, 0, 0, 0, 0, 0, 0, 0, 0, 0, 0, 0, 28, 0, 0, 4, 32
"/home/danny/projects/mei/frontend/src/lib/components/ui/calendar/calendar-year-select.svelte", "Svelte", 0, 0, 0, 0, 0, 0, 0, 0, 0, 0, 0, 0, 41, 0, 0, 3, 44
"/home/danny/projects/mei/frontend/src/lib/components/ui/calendar/calendar.svelte", "Svelte", 0, 0, 0, 0, 0, 0, 0, 0, 0, 0, 0, 0, 108, 0, 4, 4, 116
"/home/danny/projects/mei/frontend/src/lib/components/ui/calendar/index.ts", "TypeScript", 0, 0, 0, 0, 0, 0, 0, 0, 38, 0, 0, 0, 0, 0, 1, 2, 41
"/home/danny/projects/mei/frontend/src/lib/components/ui/card/card-action.svelte", "Svelte", 0, 0, 0, 0, 0, 0, 0, 0, 0, 0, 0, 0, 18, 0, 0, 3, 21
"/home/danny/projects/mei/frontend/src/lib/components/ui/card/card-content.svelte", "Svelte", 0, 0, 0, 0, 0, 0, 0, 0, 0, 0, 0, 0, 13, 0, 0, 3, 16
"/home/danny/projects/mei/frontend/src/lib/components/ui/card/card-description.svelte", "Svelte", 0, 0, 0, 0, 0, 0, 0, 0, 0, 0, 0, 0, 18, 0, 0, 3, 21
"/home/danny/projects/mei/frontend/src/lib/components/ui/card/card-footer.svelte", "Svelte", 0, 0, 0, 0, 0, 0, 0, 0, 0, 0, 0, 0, 18, 0, 0, 3, 21
"/home/danny/projects/mei/frontend/src/lib/components/ui/card/card-header.svelte", "Svelte", 0, 0, 0, 0, 0, 0, 0, 0, 0, 0, 0, 0, 21, 0, 0, 3, 24
"/home/danny/projects/mei/frontend/src/lib/components/ui/card/card-title.svelte", "Svelte", 0, 0, 0, 0, 0, 0, 0, 0, 0, 0, 0, 0, 18, 0, 0, 3, 21
"/home/danny/projects/mei/frontend/src/lib/components/ui/card/card.svelte", "Svelte", 0, 0, 0, 0, 0, 0, 0, 0, 0, 0, 0, 0, 21, 0, 0, 3, 24
"/home/danny/projects/mei/frontend/src/lib/components/ui/card/index.ts", "TypeScript", 0, 0, 0, 0, 0, 0, 0, 0, 23, 0, 0, 0, 0, 0, 1, 2, 26
"/home/danny/projects/mei/frontend/src/lib/components/ui/carousel/carousel-content.svelte", "Svelte", 0, 0, 0, 0, 0, 0, 0, 0, 0, 0, 0, 0, 40, 0, 0, 4, 44
"/home/danny/projects/mei/frontend/src/lib/components/ui/carousel/carousel-item.svelte", "Svelte", 0, 0, 0, 0, 0, 0, 0, 0, 0, 0, 0, 0, 27, 0, 0, 4, 31
"/home/danny/projects/mei/frontend/src/lib/components/ui/carousel/carousel-next.svelte", "Svelte", 0, 0, 0, 0, 0, 0, 0, 0, 0, 0, 0, 0, 35, 0, 0, 4, 39
"/home/danny/projects/mei/frontend/src/lib/components/ui/carousel/carousel-previous.svelte", "Svelte", 0, 0, 0, 0, 0, 0, 0, 0, 0, 0, 0, 0, 35, 0, 0, 4, 39
"/home/danny/projects/mei/frontend/src/lib/components/ui/carousel/carousel.svelte", "Svelte", 0, 0, 0, 0, 0, 0, 0, 0, 0, 0, 0, 0, 81, 0, 0, 13, 94
"/home/danny/projects/mei/frontend/src/lib/components/ui/carousel/context.ts", "TypeScript", 0, 0, 0, 0, 0, 0, 0, 0, 48, 0, 0, 0, 0, 0, 1, 10, 59
"/home/danny/projects/mei/frontend/src/lib/components/ui/carousel/index.ts", "TypeScript", 0, 0, 0, 0, 0, 0, 0, 0, 17, 0, 0, 0, 0, 0, 1, 2, 20
"/home/danny/projects/mei/frontend/src/lib/components/ui/chart/chart-container.svelte", "Svelte", 0, 0, 0, 0, 0, 0, 0, 0, 0, 0, 0, 0, 68, 0, 0, 13, 81
"/home/danny/projects/mei/frontend/src/lib/components/ui/chart/chart-style.svelte", "Svelte", 0, 0, 0, 0, 0, 0, 0, 0, 0, 0, 0, 0, 29, 0, 0, 9, 38
"/home/danny/projects/mei/frontend/src/lib/components/ui/chart/chart-tooltip.svelte", "Svelte", 0, 0, 0, 0, 0, 0, 0, 0, 0, 0, 0, 0, 148, 0, 0, 12, 160
"/home/danny/projects/mei/frontend/src/lib/components/ui/chart/chart-utils.ts", "TypeScript", 0, 0, 0, 0, 0, 0, 0, 0, 52, 0, 0, 0, 0, 0, 1, 14, 67
"/home/danny/projects/mei/frontend/src/lib/components/ui/chart/index.ts", "TypeScript", 0, 0, 0, 0, 0, 0, 0, 0, 4, 0, 0, 0, 0, 0, 0, 3, 7
"/home/danny/projects/mei/frontend/src/lib/components/ui/checkbox/checkbox.svelte", "Svelte", 0, 0, 0, 0, 0, 0, 0, 0, 0, 0, 0, 0, 34, 0, 0, 3, 37
"/home/danny/projects/mei/frontend/src/lib/components/ui/checkbox/index.ts", "TypeScript", 0, 0, 0, 0, 0, 0, 0, 0, 5, 0, 0, 0, 0, 0, 1, 1, 7
"/home/danny/projects/mei/frontend/src/lib/components/ui/collapsible/collapsible-content.svelte", "Svelte", 0, 0, 0, 0, 0, 0, 0, 0, 0, 0, 0, 0, 5, 0, 0, 3, 8
"/home/danny/projects/mei/frontend/src/lib/components/ui/collapsible/collapsible-trigger.svelte", "Svelte", 0, 0, 0, 0, 0, 0, 0, 0, 0, 0, 0, 0, 5, 0, 0, 3, 8
"/home/danny/projects/mei/frontend/src/lib/components/ui/collapsible/collapsible.svelte", "Svelte", 0, 0, 0, 0, 0, 0, 0, 0, 0, 0, 0, 0, 9, 0, 0, 3, 12
"/home/danny/projects/mei/frontend/src/lib/components/ui/collapsible/index.ts", "TypeScript", 0, 0, 0, 0, 0, 0, 0, 0, 11, 0, 0, 0, 0, 0, 1, 2, 14
"/home/danny/projects/mei/frontend/src/lib/components/ui/command/command-dialog.svelte", "Svelte", 0, 0, 0, 0, 0, 0, 0, 0, 0, 0, 0, 0, 38, 0, 0, 3, 41
"/home/danny/projects/mei/frontend/src/lib/components/ui/command/command-empty.svelte", "Svelte", 0, 0, 0, 0, 0, 0, 0, 0, 0, 0, 0, 0, 15, 0, 0, 3, 18
"/home/danny/projects/mei/frontend/src/lib/components/ui/command/command-group.svelte", "Svelte", 0, 0, 0, 0, 0, 0, 0, 0, 0, 0, 0, 0, 30, 0, 0, 3, 33
"/home/danny/projects/mei/frontend/src/lib/components/ui/command/command-input.svelte", "Svelte", 0, 0, 0, 0, 0, 0, 0, 0, 0, 0, 0, 0, 24, 0, 0, 3, 27
"/home/danny/projects/mei/frontend/src/lib/components/ui/command/command-item.svelte", "Svelte", 0, 0, 0, 0, 0, 0, 0, 0, 0, 0, 0, 0, 18, 0, 0, 3, 21
"/home/danny/projects/mei/frontend/src/lib/components/ui/command/command-link-item.svelte", "Svelte", 0, 0, 0, 0, 0, 0, 0, 0, 0, 0, 0, 0, 18, 0, 0, 3, 21
"/home/danny/projects/mei/frontend/src/lib/components/ui/command/command-list.svelte", "Svelte", 0, 0, 0, 0, 0, 0, 0, 0, 0, 0, 0, 0, 15, 0, 0, 3, 18
"/home/danny/projects/mei/frontend/src/lib/components/ui/command/command-separator.svelte", "Svelte", 0, 0, 0, 0, 0, 0, 0, 0, 0, 0, 0, 0, 15, 0, 0, 3, 18
"/home/danny/projects/mei/frontend/src/lib/components/ui/command/command-shortcut.svelte", "Svelte", 0, 0, 0, 0, 0, 0, 0, 0, 0, 0, 0, 0, 18, 0, 0, 3, 21
"/home/danny/projects/mei/frontend/src/lib/components/ui/command/command.svelte", "Svelte", 0, 0, 0, 0, 0, 0, 0, 0, 0, 0, 0, 0, 25, 0, 0, 4, 29
"/home/danny/projects/mei/frontend/src/lib/components/ui/command/index.ts", "TypeScript", 0, 0, 0, 0, 0, 0, 0, 0, 36, 0, 0, 0, 0, 0, 1, 4, 41
"/home/danny/projects/mei/frontend/src/lib/components/ui/context-menu/context-menu-checkbox-item.svelte", "Svelte", 0, 0, 0, 0, 0, 0, 0, 0, 0, 0, 0, 0, 36, 0, 0, 3, 39
"/home/danny/projects/mei/frontend/src/lib/components/ui/context-menu/context-menu-content.svelte", "Svelte", 0, 0, 0, 0, 0, 0, 0, 0, 0, 0, 0, 0, 23, 0, 0, 3, 26
"/home/danny/projects/mei/frontend/src/lib/components/ui/context-menu/context-menu-group-heading.svelte", "Svelte", 0, 0, 0, 0, 0, 0, 0, 0, 0, 0, 0, 0, 19, 0, 0, 3, 22
"/home/danny/projects/mei/frontend/src/lib/components/ui/context-menu/context-menu-group.svelte", "Svelte", 0, 0, 0, 0, 0, 0, 0, 0, 0, 0, 0, 0, 5, 0, 0, 3, 8
"/home/danny/projects/mei/frontend/src/lib/components/ui/context-menu/context-menu-item.svelte", "Svelte", 0, 0, 0, 0, 0, 0, 0, 0, 0, 0, 0, 0, 25, 0, 0, 3, 28
"/home/danny/projects/mei/frontend/src/lib/components/ui/context-menu/context-menu-label.svelte", "Svelte", 0, 0, 0, 0, 0, 0, 0, 0, 0, 0, 0, 0, 22, 0, 0, 3, 25
"/home/danny/projects/mei/frontend/src/lib/components/ui/context-menu/context-menu-radio-group.svelte", "Svelte", 0, 0, 0, 0, 0, 0, 0, 0, 0, 0, 0, 0, 14, 0, 0, 3, 17
"/home/danny/projects/mei/frontend/src/lib/components/ui/context-menu/context-menu-radio-item.svelte", "Svelte", 0, 0, 0, 0, 0, 0, 0, 0, 0, 0, 0, 0, 29, 0, 0, 3, 32
"/home/danny/projects/mei/frontend/src/lib/components/ui/context-menu/context-menu-separator.svelte", "Svelte", 0, 0, 0, 0, 0, 0, 0, 0, 0, 0, 0, 0, 15, 0, 0, 3, 18
"/home/danny/projects/mei/frontend/src/lib/components/ui/context-menu/context-menu-shortcut.svelte", "Svelte", 0, 0, 0, 0, 0, 0, 0, 0, 0, 0, 0, 0, 18, 0, 0, 3, 21
"/home/danny/projects/mei/frontend/src/lib/components/ui/context-menu/context-menu-sub-content.svelte", "Svelte", 0, 0, 0, 0, 0, 0, 0, 0, 0, 0, 0, 0, 18, 0, 0, 3, 21
"/home/danny/projects/mei/frontend/src/lib/components/ui/context-menu/context-menu-sub-trigger.svelte", "Svelte", 0, 0, 0, 0, 0, 0, 0, 0, 0, 0, 0, 0, 27, 0, 0, 3, 30
"/home/danny/projects/mei/frontend/src/lib/components/ui/context-menu/context-menu-trigger.svelte", "Svelte", 0, 0, 0, 0, 0, 0, 0, 0, 0, 0, 0, 0, 5, 0, 0, 3, 8
"/home/danny/projects/mei/frontend/src/lib/components/ui/context-menu/index.ts", "TypeScript", 0, 0, 0, 0, 0, 0, 0, 0, 48, 0, 0, 0, 0, 0, 1, 3, 52
"/home/danny/projects/mei/frontend/src/lib/components/ui/data-table/data-table.svelte.ts", "TypeScript", 0, 0, 0, 0, 0, 0, 0, 0, 90, 0, 0, 0, 0, 0, 36, 17, 143
"/home/danny/projects/mei/frontend/src/lib/components/ui/data-table/flex-render.svelte", "Svelte", 0, 0, 0, 0, 0, 0, 0, 0, 0, 0, 0, 0, 35, 0, 2, 4, 41
"/home/danny/projects/mei/frontend/src/lib/components/ui/data-table/index.ts", "TypeScript", 0, 0, 0, 0, 0, 0, 0, 0, 3, 0, 0, 0, 0, 0, 0, 1, 4
"/home/danny/projects/mei/frontend/src/lib/components/ui/data-table/render-helpers.ts", "TypeScript", 0, 0, 0, 0, 0, 0, 0, 0, 29, 0, 0, 0, 0, 0, 78, 5, 112
"/home/danny/projects/mei/frontend/src/lib/components/ui/dialog/dialog-close.svelte", "Svelte", 0, 0, 0, 0, 0, 0, 0, 0, 0, 0, 0, 0, 5, 0, 0, 3, 8
"/home/danny/projects/mei/frontend/src/lib/components/ui/dialog/dialog-content.svelte", "Svelte", 0, 0, 0, 0, 0, 0, 0, 0, 0, 0, 0, 0, 41, 0, 0, 3, 44
"/home/danny/projects/mei/frontend/src/lib/components/ui/dialog/dialog-description.svelte", "Svelte", 0, 0, 0, 0, 0, 0, 0, 0, 0, 0, 0, 0, 15, 0, 0, 3, 18
"/home/danny/projects/mei/frontend/src/lib/components/ui/dialog/dialog-footer.svelte", "Svelte", 0, 0, 0, 0, 0, 0, 0, 0, 0, 0, 0, 0, 18, 0, 0, 3, 21
"/home/danny/projects/mei/frontend/src/lib/components/ui/dialog/dialog-header.svelte", "Svelte", 0, 0, 0, 0, 0, 0, 0, 0, 0, 0, 0, 0, 18, 0, 0, 3, 21
"/home/danny/projects/mei/frontend/src/lib/components/ui/dialog/dialog-overlay.svelte", "Svelte", 0, 0, 0, 0, 0, 0, 0, 0, 0, 0, 0, 0, 18, 0, 0, 3, 21
"/home/danny/projects/mei/frontend/src/lib/components/ui/dialog/dialog-title.svelte", "Svelte", 0, 0, 0, 0, 0, 0, 0, 0, 0, 0, 0, 0, 15, 0, 0, 3, 18
"/home/danny/projects/mei/frontend/src/lib/components/ui/dialog/dialog-trigger.svelte", "Svelte", 0, 0, 0, 0, 0, 0, 0, 0, 0, 0, 0, 0, 5, 0, 0, 3, 8
"/home/danny/projects/mei/frontend/src/lib/components/ui/dialog/index.ts", "TypeScript", 0, 0, 0, 0, 0, 0, 0, 0, 33, 0, 0, 0, 0, 0, 1, 4, 38
"/home/danny/projects/mei/frontend/src/lib/components/ui/drawer/drawer-close.svelte", "Svelte", 0, 0, 0, 0, 0, 0, 0, 0, 0, 0, 0, 0, 5, 0, 0, 3, 8
"/home/danny/projects/mei/frontend/src/lib/components/ui/drawer/drawer-content.svelte", "Svelte", 0, 0, 0, 0, 0, 0, 0, 0, 0, 0, 0, 0, 35, 0, 0, 3, 38
"/home/danny/projects/mei/frontend/src/lib/components/ui/drawer/drawer-description.svelte", "Svelte", 0, 0, 0, 0, 0, 0, 0, 0, 0, 0, 0, 0, 15, 0, 0, 3, 18
"/home/danny/projects/mei/frontend/src/lib/components/ui/drawer/drawer-footer.svelte", "Svelte", 0, 0, 0, 0, 0, 0, 0, 0, 0, 0, 0, 0, 18, 0, 0, 3, 21
"/home/danny/projects/mei/frontend/src/lib/components/ui/drawer/drawer-header.svelte", "Svelte", 0, 0, 0, 0, 0, 0, 0, 0, 0, 0, 0, 0, 18, 0, 0, 3, 21
"/home/danny/projects/mei/frontend/src/lib/components/ui/drawer/drawer-nested.svelte", "Svelte", 0, 0, 0, 0, 0, 0, 0, 0, 0, 0, 0, 0, 10, 0, 0, 3, 13
"/home/danny/projects/mei/frontend/src/lib/components/ui/drawer/drawer-overlay.svelte", "Svelte", 0, 0, 0, 0, 0, 0, 0, 0, 0, 0, 0, 0, 18, 0, 0, 3, 21
"/home/danny/projects/mei/frontend/src/lib/components/ui/drawer/drawer-title.svelte", "Svelte", 0, 0, 0, 0, 0, 0, 0, 0, 0, 0, 0, 0, 15, 0, 0, 3, 18
"/home/danny/projects/mei/frontend/src/lib/components/ui/drawer/drawer-trigger.svelte", "Svelte", 0, 0, 0, 0, 0, 0, 0, 0, 0, 0, 0, 0, 5, 0, 0, 3, 8
"/home/danny/projects/mei/frontend/src/lib/components/ui/drawer/drawer.svelte", "Svelte", 0, 0, 0, 0, 0, 0, 0, 0, 0, 0, 0, 0, 10, 0, 0, 3, 13
"/home/danny/projects/mei/frontend/src/lib/components/ui/drawer/index.ts", "TypeScript", 0, 0, 0, 0, 0, 0, 0, 0, 36, 0, 0, 0, 0, 0, 1, 5, 42
"/home/danny/projects/mei/frontend/src/lib/components/ui/dropdown-menu/dropdown-menu-checkbox-item.svelte", "Svelte", 0, 0, 0, 0, 0, 0, 0, 0, 0, 0, 0, 0, 39, 0, 0, 3, 42
"/home/danny/projects/mei/frontend/src/lib/components/ui/dropdown-menu/dropdown-menu-content.svelte", "Svelte", 0, 0, 0, 0, 0, 0, 0, 0, 0, 0, 0, 0, 25, 0, 0, 3, 28
"/home/danny/projects/mei/frontend/src/lib/components/ui/dropdown-menu/dropdown-menu-group-heading.svelte", "Svelte", 0, 0, 0, 0, 0, 0, 0, 0, 0, 0, 0, 0, 20, 0, 0, 3, 23
"/home/danny/projects/mei/frontend/src/lib/components/ui/dropdown-menu/dropdown-menu-group.svelte", "Svelte", 0, 0, 0, 0, 0, 0, 0, 0, 0, 0, 0, 0, 5, 0, 0, 3, 8
"/home/danny/projects/mei/frontend/src/lib/components/ui/dropdown-menu/dropdown-menu-item.svelte", "Svelte", 0, 0, 0, 0, 0, 0, 0, 0, 0, 0, 0, 0, 25, 0, 0, 3, 28
"/home/danny/projects/mei/frontend/src/lib/components/ui/dropdown-menu/dropdown-menu-label.svelte", "Svelte", 0, 0, 0, 0, 0, 0, 0, 0, 0, 0, 0, 0, 22, 0, 0, 3, 25
"/home/danny/projects/mei/frontend/src/lib/components/ui/dropdown-menu/dropdown-menu-radio-group.svelte", "Svelte", 0, 0, 0, 0, 0, 0, 0, 0, 0, 0, 0, 0, 14, 0, 0, 3, 17
"/home/danny/projects/mei/frontend/src/lib/components/ui/dropdown-menu/dropdown-menu-radio-item.svelte", "Svelte", 0, 0, 0, 0, 0, 0, 0, 0, 0, 0, 0, 0, 29, 0, 0, 3, 32
"/home/danny/projects/mei/frontend/src/lib/components/ui/dropdown-menu/dropdown-menu-separator.svelte", "Svelte", 0, 0, 0, 0, 0, 0, 0, 0, 0, 0, 0, 0, 15, 0, 0, 3, 18
"/home/danny/projects/mei/frontend/src/lib/components/ui/dropdown-menu/dropdown-menu-shortcut.svelte", "Svelte", 0, 0, 0, 0, 0, 0, 0, 0, 0, 0, 0, 0, 18, 0, 0, 3, 21
"/home/danny/projects/mei/frontend/src/lib/components/ui/dropdown-menu/dropdown-menu-sub-content.svelte", "Svelte", 0, 0, 0, 0, 0, 0, 0, 0, 0, 0, 0, 0, 18, 0, 0, 3, 21
"/home/danny/projects/mei/frontend/src/lib/components/ui/dropdown-menu/dropdown-menu-sub-trigger.svelte", "Svelte", 0, 0, 0, 0, 0, 0, 0, 0, 0, 0, 0, 0, 27, 0, 0, 3, 30
"/home/danny/projects/mei/frontend/src/lib/components/ui/dropdown-menu/dropdown-menu-trigger.svelte", "Svelte", 0, 0, 0, 0, 0, 0, 0, 0, 0, 0, 0, 0, 5, 0, 0, 3, 8
"/home/danny/projects/mei/frontend/src/lib/components/ui/dropdown-menu/index.ts", "TypeScript", 0, 0, 0, 0, 0, 0, 0, 0, 48, 0, 0, 0, 0, 0, 0, 2, 50
"/home/danny/projects/mei/frontend/src/lib/components/ui/empty/empty-content.svelte", "Svelte", 0, 0, 0, 0, 0, 0, 0, 0, 0, 0, 0, 0, 15, 0, 0, 3, 18
"/home/danny/projects/mei/frontend/src/lib/components/ui/empty/empty-description.svelte", "Svelte", 0, 0, 0, 0, 0, 0, 0, 0, 0, 0, 0, 0, 15, 0, 0, 3, 18
"/home/danny/projects/mei/frontend/src/lib/components/ui/empty/empty-header.svelte", "Svelte", 0, 0, 0, 0, 0, 0, 0, 0, 0, 0, 0, 0, 12, 0, 0, 3, 15
"/home/danny/projects/mei/frontend/src/lib/components/ui/empty/empty-media.svelte", "Svelte", 0, 0, 0, 0, 0, 0, 0, 0, 0, 0, 0, 0, 34, 0, 0, 6, 40
"/home/danny/projects/mei/frontend/src/lib/components/ui/empty/empty-title.svelte", "Svelte", 0, 0, 0, 0, 0, 0, 0, 0, 0, 0, 0, 0, 12, 0, 0, 3, 15
"/home/danny/projects/mei/frontend/src/lib/components/ui/empty/empty.svelte", "Svelte", 0, 0, 0, 0, 0, 0, 0, 0, 0, 0, 0, 0, 15, 0, 0, 3, 18
"/home/danny/projects/mei/frontend/src/lib/components/ui/empty/index.ts", "TypeScript", 0, 0, 0, 0, 0, 0, 0, 0, 20, 0, 0, 0, 0, 0, 1, 2, 23
"/home/danny/projects/mei/frontend/src/lib/components/ui/field/field-content.svelte", "Svelte", 0, 0, 0, 0, 0, 0, 0, 0, 0, 0, 0, 0, 12, 0, 0, 3, 15
"/home/danny/projects/mei/frontend/src/lib/components/ui/field/field-description.svelte", "Svelte", 0, 0, 0, 0, 0, 0, 0, 0, 0, 0, 0, 0, 21, 0, 0, 3, 24
"/home/danny/projects/mei/frontend/src/lib/components/ui/field/field-error.svelte", "Svelte", 0, 0, 0, 0, 0, 0, 0, 0, 0, 0, 0, 0, 49, 0, 0, 8, 57
"/home/danny/projects/mei/frontend/src/lib/components/ui/field/field-group.svelte", "Svelte", 0, 0, 0, 0, 0, 0, 0, 0, 0, 0, 0, 0, 15, 0, 0, 3, 18
"/home/danny/projects/mei/frontend/src/lib/components/ui/field/field-label.svelte", "Svelte", 0, 0, 0, 0, 0, 0, 0, 0, 0, 0, 0, 0, 24, 0, 0, 3, 27
"/home/danny/projects/mei/frontend/src/lib/components/ui/field/field-legend.svelte", "Svelte", 0, 0, 0, 0, 0, 0, 0, 0, 0, 0, 0, 0, 25, 0, 0, 3, 28
"/home/danny/projects/mei/frontend/src/lib/components/ui/field/field-separator.svelte", "Svelte", 0, 0, 0, 0, 0, 0, 0, 0, 0, 0, 0, 0, 33, 0, 0, 4, 37
"/home/danny/projects/mei/frontend/src/lib/components/ui/field/field-set.svelte", "Svelte", 0, 0, 0, 0, 0, 0, 0, 0, 0, 0, 0, 0, 16, 0, 0, 3, 19
"/home/danny/projects/mei/frontend/src/lib/components/ui/field/field-title.svelte", "Svelte", 0, 0, 0, 0, 0, 0, 0, 0, 0, 0, 0, 0, 15, 0, 0, 3, 18
"/home/danny/projects/mei/frontend/src/lib/components/ui/field/field.svelte", "Svelte", 0, 0, 0, 0, 0, 0, 0, 0, 0, 0, 0, 0, 46, 0, 0, 6, 52
"/home/danny/projects/mei/frontend/src/lib/components/ui/field/index.ts", "TypeScript", 0, 0, 0, 0, 0, 0, 0, 0, 31, 0, 0, 0, 0, 0, 1, 2, 34
"/home/danny/projects/mei/frontend/src/lib/components/ui/form/form-button.svelte", "Svelte", 0, 0, 0, 0, 0, 0, 0, 0, 0, 0, 0, 0, 5, 0, 0, 3, 8
"/home/danny/projects/mei/frontend/src/lib/components/ui/form/form-description.svelte", "Svelte", 0, 0, 0, 0, 0, 0, 0, 0, 0, 0, 0, 0, 15, 0, 0, 3, 18
"/home/danny/projects/mei/frontend/src/lib/components/ui/form/form-element-field.svelte", "Svelte", 0, 0, 0, 0, 0, 0, 0, 0, 0, 0, 0, 0, 22, 0, 0, 3, 25
"/home/danny/projects/mei/frontend/src/lib/components/ui/form/form-field-errors.svelte", "Svelte", 0, 0, 0, 0, 0, 0, 0, 0, 0, 0, 0, 0, 28, 0, 0, 3, 31
"/home/danny/projects/mei/frontend/src/lib/components/ui/form/form-field.svelte", "Svelte", 0, 0, 0, 0, 0, 0, 0, 0, 0, 0, 0, 0, 27, 0, 0, 3, 30
"/home/danny/projects/mei/frontend/src/lib/components/ui/form/form-fieldset.svelte", "Svelte", 0, 0, 0, 0, 0, 0, 0, 0, 0, 0, 0, 0, 13, 0, 0, 3, 16
"/home/danny/projects/mei/frontend/src/lib/components/ui/form/form-label.svelte", "Svelte", 0, 0, 0, 0, 0, 0, 0, 0, 0, 0, 0, 0, 22, 0, 0, 3, 25
"/home/danny/projects/mei/frontend/src/lib/components/ui/form/form-legend.svelte", "Svelte", 0, 0, 0, 0, 0, 0, 0, 0, 0, 0, 0, 0, 14, 0, 0, 3, 17
"/home/danny/projects/mei/frontend/src/lib/components/ui/form/index.ts", "TypeScript", 0, 0, 0, 0, 0, 0, 0, 0, 30, 0, 0, 0, 0, 0, 1, 3, 34
"/home/danny/projects/mei/frontend/src/lib/components/ui/hover-card/hover-card-content.svelte", "Svelte", 0, 0, 0, 0, 0, 0, 0, 0, 0, 0, 0, 0, 27, 0, 0, 3, 30
"/home/danny/projects/mei/frontend/src/lib/components/ui/hover-card/hover-card-trigger.svelte", "Svelte", 0, 0, 0, 0, 0, 0, 0, 0, 0, 0, 0, 0, 5, 0, 0, 3, 8
"/home/danny/projects/mei/frontend/src/lib/components/ui/hover-card/index.ts", "TypeScript", 0, 0, 0, 0, 0, 0, 0, 0, 12, 0, 0, 0, 0, 0, 0, 3, 15
"/home/danny/projects/mei/frontend/src/lib/components/ui/input-group/index.ts", "TypeScript", 0, 0, 0, 0, 0, 0, 0, 0, 20, 0, 0, 0, 0, 0, 1, 2, 23
"/home/danny/projects/mei/frontend/src/lib/components/ui/input-group/input-group-addon.svelte", "Svelte", 0, 0, 0, 0, 0, 0, 0, 0, 0, 0, 0, 0, 49, 0, 0, 5, 54
"/home/danny/projects/mei/frontend/src/lib/components/ui/input-group/input-group-button.svelte", "Svelte", 0, 0, 0, 0, 0, 0, 0, 0, 0, 0, 0, 0, 42, 0, 0, 6, 48
"/home/danny/projects/mei/frontend/src/lib/components/ui/input-group/input-group-input.svelte", "Svelte", 0, 0, 0, 0, 0, 0, 0, 0, 0, 0, 0, 0, 19, 0, 0, 3, 22
"/home/danny/projects/mei/frontend/src/lib/components/ui/input-group/input-group-text.svelte", "Svelte", 0, 0, 0, 0, 0, 0, 0, 0, 0, 0, 0, 0, 14, 0, 0, 3, 17
"/home/danny/projects/mei/frontend/src/lib/components/ui/input-group/input-group-textarea.svelte", "Svelte", 0, 0, 0, 0, 0, 0, 0, 0, 0, 0, 0, 0, 19, 0, 0, 3, 22
"/home/danny/projects/mei/frontend/src/lib/components/ui/input-group/input-group.svelte", "Svelte", 0, 0, 0, 0, 0, 0, 0, 0, 0, 0, 0, 0, 26, 0, 0, 7, 33
"/home/danny/projects/mei/frontend/src/lib/components/ui/input-otp/index.ts", "TypeScript", 0, 0, 0, 0, 0, 0, 0, 0, 14, 0, 0, 0, 0, 0, 0, 2, 16
"/home/danny/projects/mei/frontend/src/lib/components/ui/input-otp/input-otp-group.svelte", "Svelte", 0, 0, 0, 0, 0, 0, 0, 0, 0, 0, 0, 0, 18, 0, 0, 3, 21
"/home/danny/projects/mei/frontend/src/lib/components/ui/input-otp/input-otp-separator.svelte", "Svelte", 0, 0, 0, 0, 0, 0, 0, 0, 0, 0, 0, 0, 17, 0, 0, 3, 20
"/home/danny/projects/mei/frontend/src/lib/components/ui/input-otp/input-otp-slot.svelte", "Svelte", 0, 0, 0, 0, 0, 0, 0, 0, 0, 0, 0, 0, 29, 0, 0, 3, 32
"/home/danny/projects/mei/frontend/src/lib/components/ui/input-otp/input-otp.svelte", "Svelte", 0, 0, 0, 0, 0, 0, 0, 0, 0, 0, 0, 0, 20, 0, 0, 3, 23
"/home/danny/projects/mei/frontend/src/lib/components/ui/input/index.ts", "TypeScript", 0, 0, 0, 0, 0, 0, 0, 0, 5, 0, 0, 0, 0, 0, 1, 2, 8
"/home/danny/projects/mei/frontend/src/lib/components/ui/input/input.svelte", "Svelte", 0, 0, 0, 0, 0, 0, 0, 0, 0, 0, 0, 0, 48, 0, 0, 5, 53
"/home/danny/projects/mei/frontend/src/lib/components/ui/item/index.ts", "TypeScript", 0, 0, 0, 0, 0, 0, 0, 0, 32, 0, 0, 0, 0, 0, 1, 2, 35
"/home/danny/projects/mei/frontend/src/lib/components/ui/item/item-actions.svelte", "Svelte", 0, 0, 0, 0, 0, 0, 0, 0, 0, 0, 0, 0, 8, 0, 0, 3, 11
"/home/danny/projects/mei/frontend/src/lib/components/ui/item/item-content.svelte", "Svelte", 0, 0, 0, 0, 0, 0, 0, 0, 0, 0, 0, 0, 12, 0, 0, 3, 15
"/home/danny/projects/mei/frontend/src/lib/components/ui/item/item-description.svelte", "Svelte", 0, 0, 0, 0, 0, 0, 0, 0, 0, 0, 0, 0, 20, 0, 0, 3, 23
"/home/danny/projects/mei/frontend/src/lib/components/ui/item/item-footer.svelte", "Svelte", 0, 0, 0, 0, 0, 0, 0, 0, 0, 0, 0, 0, 12, 0, 0, 3, 15
"/home/danny/projects/mei/frontend/src/lib/components/ui/item/item-group.svelte", "Svelte", 0, 0, 0, 0, 0, 0, 0, 0, 0, 0, 0, 0, 13, 0, 0, 3, 16
"/home/danny/projects/mei/frontend/src/lib/components/ui/item/item-header.svelte", "Svelte", 0, 0, 0, 0, 0, 0, 0, 0, 0, 0, 0, 0, 12, 0, 0, 3, 15
"/home/danny/projects/mei/frontend/src/lib/components/ui/item/item-media.svelte", "Svelte", 0, 0, 0, 0, 0, 0, 0, 0, 0, 0, 0, 0, 35, 0, 0, 6, 41
"/home/danny/projects/mei/frontend/src/lib/components/ui/item/item-separator.svelte", "Svelte", 0, 0, 0, 0, 0, 0, 0, 0, 0, 0, 0, 0, 12, 0, 0, 3, 15
"/home/danny/projects/mei/frontend/src/lib/components/ui/item/item-title.svelte", "Svelte", 0, 0, 0, 0, 0, 0, 0, 0, 0, 0, 0, 0, 12, 0, 0, 3, 15
"/home/danny/projects/mei/frontend/src/lib/components/ui/item/item.svelte", "Svelte", 0, 0, 0, 0, 0, 0, 0, 0, 0, 0, 0, 0, 54, 0, 0, 8, 62
"/home/danny/projects/mei/frontend/src/lib/components/ui/kbd/index.ts", "TypeScript", 0, 0, 0, 0, 0, 0, 0, 0, 8, 0, 0, 0, 0, 0, 1, 2, 11
"/home/danny/projects/mei/frontend/src/lib/components/ui/kbd/kbd-group.svelte", "Svelte", 0, 0, 0, 0, 0, 0, 0, 0, 0, 0, 0, 0, 8, 0, 0, 3, 11
"/home/danny/projects/mei/frontend/src/lib/components/ui/kbd/kbd.svelte", "Svelte", 0, 0, 0, 0, 0, 0, 0, 0, 0, 0, 0, 0, 17, 0, 0, 3, 20
"/home/danny/projects/mei/frontend/src/lib/components/ui/label/index.ts", "TypeScript", 0, 0, 0, 0, 0, 0, 0, 0, 5, 0, 0, 0, 0, 0, 1, 2, 8
"/home/danny/projects/mei/frontend/src/lib/components/ui/label/label.svelte", "Svelte", 0, 0, 0, 0, 0, 0, 0, 0, 0, 0, 0, 0, 18, 0, 0, 3, 21
"/home/danny/projects/mei/frontend/src/lib/components/ui/menubar/index.ts", "TypeScript", 0, 0, 0, 0, 0, 0, 0, 0, 51, 0, 0, 0, 0, 0, 1, 3, 55
"/home/danny/projects/mei/frontend/src/lib/components/ui/menubar/menubar-checkbox-item.svelte", "Svelte", 0, 0, 0, 0, 0, 0, 0, 0, 0, 0, 0, 0, 39, 0, 0, 3, 42
"/home/danny/projects/mei/frontend/src/lib/components/ui/menubar/menubar-content.svelte", "Svelte", 0, 0, 0, 0, 0, 0, 0, 0, 0, 0, 0, 0, 31, 0, 0, 3, 34
"/home/danny/projects/mei/frontend/src/lib/components/ui/menubar/menubar-group-heading.svelte", "Svelte", 0, 0, 0, 0, 0, 0, 0, 0, 0, 0, 0, 0, 20, 0, 0, 3, 23
"/home/danny/projects/mei/frontend/src/lib/components/ui/menubar/menubar-group.svelte", "Svelte", 0, 0, 0, 0, 0, 0, 0, 0, 0, 0, 0, 0, 10, 0, 0, 3, 13
"/home/danny/projects/mei/frontend/src/lib/components/ui/menubar/menubar-item.svelte", "Svelte", 0, 0, 0, 0, 0, 0, 0, 0, 0, 0, 0, 0, 25, 0, 0, 3, 28
"/home/danny/projects/mei/frontend/src/lib/components/ui/menubar/menubar-label.svelte", "Svelte", 0, 0, 0, 0, 0, 0, 0, 0, 0, 0, 0, 0, 23, 0, 0, 3, 26
"/home/danny/projects/mei/frontend/src/lib/components/ui/menubar/menubar-radio-item.svelte", "Svelte", 0, 0, 0, 0, 0, 0, 0, 0, 0, 0, 0, 0, 29, 0, 0, 3, 32
"/home/danny/projects/mei/frontend/src/lib/components/ui/menubar/menubar-separator.svelte", "Svelte", 0, 0, 0, 0, 0, 0, 0, 0, 0, 0, 0, 0, 15, 0, 0, 3, 18
"/home/danny/projects/mei/frontend/src/lib/components/ui/menubar/menubar-shortcut.svelte", "Svelte", 0, 0, 0, 0, 0, 0, 0, 0, 0, 0, 0, 0, 18, 0, 0, 3, 21
"/home/danny/projects/mei/frontend/src/lib/components/ui/menubar/menubar-sub-content.svelte", "Svelte", 0, 0, 0, 0, 0, 0, 0, 0, 0, 0, 0, 0, 18, 0, 0, 3, 21
"/home/danny/projects/mei/frontend/src/lib/components/ui/menubar/menubar-sub-trigger.svelte", "Svelte", 0, 0, 0, 0, 0, 0, 0, 0, 0, 0, 0, 0, 27, 0, 0, 3, 30
"/home/danny/projects/mei/frontend/src/lib/components/ui/menubar/menubar-trigger.svelte", "Svelte", 0, 0, 0, 0, 0, 0, 0, 0, 0, 0, 0, 0, 18, 0, 0, 3, 21
"/home/danny/projects/mei/frontend/src/lib/components/ui/menubar/menubar.svelte", "Svelte", 0, 0, 0, 0, 0, 0, 0, 0, 0, 0, 0, 0, 18, 0, 0, 3, 21
"/home/danny/projects/mei/frontend/src/lib/components/ui/navigation-menu/index.ts", "TypeScript", 0, 0, 0, 0, 0, 0, 0, 0, 26, 0, 0, 0, 0, 0, 1, 2, 29
"/home/danny/projects/mei/frontend/src/lib/components/ui/navigation-menu/navigation-menu-content.svelte", "Svelte", 0, 0, 0, 0, 0, 0, 0, 0, 0, 0, 0, 0, 19, 0, 0, 3, 22
"/home/danny/projects/mei/frontend/src/lib/components/ui/navigation-menu/navigation-menu-indicator.svelte", "Svelte", 0, 0, 0, 0, 0, 0, 0, 0, 0, 0, 0, 0, 20, 0, 0, 3, 23
"/home/danny/projects/mei/frontend/src/lib/components/ui/navigation-menu/navigation-menu-item.svelte", "Svelte", 0, 0, 0, 0, 0, 0, 0, 0, 0, 0, 0, 0, 15, 0, 0, 3, 18
"/home/danny/projects/mei/frontend/src/lib/components/ui/navigation-menu/navigation-menu-link.svelte", "Svelte", 0, 0, 0, 0, 0, 0, 0, 0, 0, 0, 0, 0, 18, 0, 0, 3, 21
"/home/danny/projects/mei/frontend/src/lib/components/ui/navigation-menu/navigation-menu-list.svelte", "Svelte", 0, 0, 0, 0, 0, 0, 0, 0, 0, 0, 0, 0, 15, 0, 0, 3, 18
"/home/danny/projects/mei/frontend/src/lib/components/ui/navigation-menu/navigation-menu-trigger.svelte", "Svelte", 0, 0, 0, 0, 0, 0, 0, 0, 0, 0, 0, 0, 29, 0, 0, 6, 35
"/home/danny/projects/mei/frontend/src/lib/components/ui/navigation-menu/navigation-menu-viewport.svelte", "Svelte", 0, 0, 0, 0, 0, 0, 0, 0, 0, 0, 0, 0, 20, 0, 0, 3, 23
"/home/danny/projects/mei/frontend/src/lib/components/ui/navigation-menu/navigation-menu.svelte", "Svelte", 0, 0, 0, 0, 0, 0, 0, 0, 0, 0, 0, 0, 29, 0, 0, 4, 33
"/home/danny/projects/mei/frontend/src/lib/components/ui/pagination/index.ts", "TypeScript", 0, 0, 0, 0, 0, 0, 0, 0, 23, 0, 0, 0, 0, 0, 1, 2, 26
"/home/danny/projects/mei/frontend/src/lib/components/ui/pagination/pagination-content.svelte", "Svelte", 0, 0, 0, 0, 0, 0, 0, 0, 0, 0, 0, 0, 18, 0, 0, 3, 21
"/home/danny/projects/mei/frontend/src/lib/components/ui/pagination/pagination-ellipsis.svelte", "Svelte", 0, 0, 0, 0, 0, 0, 0, 0, 0, 0, 0, 0, 20, 0, 0, 3, 23
"/home/danny/projects/mei/frontend/src/lib/components/ui/pagination/pagination-item.svelte", "Svelte", 0, 0, 0, 0, 0, 0, 0, 0, 0, 0, 0, 0, 12, 0, 0, 3, 15
"/home/danny/projects/mei/frontend/src/lib/components/ui/pagination/pagination-link.svelte", "Svelte", 0, 0, 0, 0, 0, 0, 0, 0, 0, 0, 0, 0, 36, 0, 0, 4, 40
"/home/danny/projects/mei/frontend/src/lib/components/ui/pagination/pagination-next-button.svelte", "Svelte", 0, 0, 0, 0, 0, 0, 0, 0, 0, 0, 0, 0, 30, 0, 0, 4, 34
"/home/danny/projects/mei/frontend/src/lib/components/ui/pagination/pagination-prev-button.svelte", "Svelte", 0, 0, 0, 0, 0, 0, 0, 0, 0, 0, 0, 0, 30, 0, 0, 4, 34
"/home/danny/projects/mei/frontend/src/lib/components/ui/pagination/pagination.svelte", "Svelte", 0, 0, 0, 0, 0, 0, 0, 0, 0, 0, 0, 0, 25, 0, 0, 4, 29
"/home/danny/projects/mei/frontend/src/lib/components/ui/popover/index.ts", "TypeScript", 0, 0, 0, 0, 0, 0, 0, 0, 15, 0, 0, 0, 0, 0, 1, 2, 18
"/home/danny/projects/mei/frontend/src/lib/components/ui/popover/popover-content.svelte", "Svelte", 0, 0, 0, 0, 0, 0, 0, 0, 0, 0, 0, 0, 27, 0, 0, 3, 30
"/home/danny/projects/mei/frontend/src/lib/components/ui/popover/popover-trigger.svelte", "Svelte", 0, 0, 0, 0, 0, 0, 0, 0, 0, 0, 0, 0, 15, 0, 0, 3, 18
"/home/danny/projects/mei/frontend/src/lib/components/ui/progress/index.ts", "TypeScript", 0, 0, 0, 0, 0, 0, 0, 0, 5, 0, 0, 0, 0, 0, 1, 2, 8
"/home/danny/projects/mei/frontend/src/lib/components/ui/progress/progress.svelte", "Svelte", 0, 0, 0, 0, 0, 0, 0, 0, 0, 0, 0, 0, 25, 0, 0, 3, 28
"/home/danny/projects/mei/frontend/src/lib/components/ui/radio-group/index.ts", "TypeScript", 0, 0, 0, 0, 0, 0, 0, 0, 8, 0, 0, 0, 0, 0, 1, 2, 11
"/home/danny/projects/mei/frontend/src/lib/components/ui/radio-group/radio-group-item.svelte", "Svelte", 0, 0, 0, 0, 0, 0, 0, 0, 0, 0, 0, 0, 29, 0, 0, 3, 32
"/home/danny/projects/mei/frontend/src/lib/components/ui/radio-group/radio-group.svelte", "Svelte", 0, 0, 0, 0, 0, 0, 0, 0, 0, 0, 0, 0, 17, 0, 0, 3, 20
"/home/danny/projects/mei/frontend/src/lib/components/ui/range-calendar/index.ts", "TypeScript", 0, 0, 0, 0, 0, 0, 0, 0, 39, 0, 0, 0, 0, 0, 1, 3, 43
"/home/danny/projects/mei/frontend/src/lib/components/ui/range-calendar/range-calendar-caption.svelte", "Svelte", 0, 0, 0, 0, 0, 0, 0, 0, 0, 0, 0, 0, 70, 0, 0, 7, 77
"/home/danny/projects/mei/frontend/src/lib/components/ui/range-calendar/range-calendar-cell.svelte", "Svelte", 0, 0, 0, 0, 0, 0, 0, 0, 0, 0, 0, 0, 17, 0, 0, 3, 20
"/home/danny/projects/mei/frontend/src/lib/components/ui/range-calendar/range-calendar-day.svelte", "Svelte", 0, 0, 0, 0, 0, 0, 0, 0, 0, 0, 0, 0, 37, 0, 0, 3, 40
"/home/danny/projects/mei/frontend/src/lib/components/ui/range-calendar/range-calendar-grid-row.svelte", "Svelte", 0, 0, 0, 0, 0, 0, 0, 0, 0, 0, 0, 0, 10, 0, 0, 3, 13
"/home/danny/projects/mei/frontend/src/lib/components/ui/range-calendar/range-calendar-grid.svelte", "Svelte", 0, 0, 0, 0, 0, 0, 0, 0, 0, 0, 0, 0, 14, 0, 0, 3, 17
"/home/danny/projects/mei/frontend/src/lib/components/ui/range-calendar/range-calendar-head-cell.svelte", "Svelte", 0, 0, 0, 0, 0, 0, 0, 0, 0, 0, 0, 0, 17, 0, 0, 3, 20
"/home/danny/projects/mei/frontend/src/lib/components/ui/range-calendar/range-calendar-header.svelte", "Svelte", 0, 0, 0, 0, 0, 0, 0, 0, 0, 0, 0, 0, 17, 0, 0, 3, 20
"/home/danny/projects/mei/frontend/src/lib/components/ui/range-calendar/range-calendar-heading.svelte", "Svelte", 0, 0, 0, 0, 0, 0, 0, 0, 0, 0, 0, 0, 14, 0, 0, 3, 17
"/home/danny/projects/mei/frontend/src/lib/components/ui/range-calendar/range-calendar-month-select.svelte", "Svelte", 0, 0, 0, 0, 0, 0, 0, 0, 0, 0, 0, 0, 42, 0, 0, 3, 45
"/home/danny/projects/mei/frontend/src/lib/components/ui/range-calendar/range-calendar-month.svelte", "Svelte", 0, 0, 0, 0, 0, 0, 0, 0, 0, 0, 0, 0, 13, 0, 0, 3, 16
"/home/danny/projects/mei/frontend/src/lib/components/ui/range-calendar/range-calendar-months.svelte", "Svelte", 0, 0, 0, 0, 0, 0, 0, 0, 0, 0, 0, 0, 17, 0, 0, 3, 20
"/home/danny/projects/mei/frontend/src/lib/components/ui/range-calendar/range-calendar-nav.svelte", "Svelte", 0, 0, 0, 0, 0, 0, 0, 0, 0, 0, 0, 0, 17, 0, 0, 3, 20
"/home/danny/projects/mei/frontend/src/lib/components/ui/range-calendar/range-calendar-next-button.svelte", "Svelte", 0, 0, 0, 0, 0, 0, 0, 0, 0, 0, 0, 0, 28, 0, 0, 4, 32
"/home/danny/projects/mei/frontend/src/lib/components/ui/range-calendar/range-calendar-prev-button.svelte", "Svelte", 0, 0, 0, 0, 0, 0, 0, 0, 0, 0, 0, 0, 28, 0, 0, 4, 32
"/home/danny/projects/mei/frontend/src/lib/components/ui/range-calendar/range-calendar-year-select.svelte", "Svelte", 0, 0, 0, 0, 0, 0, 0, 0, 0, 0, 0, 0, 41, 0, 0, 3, 44
"/home/danny/projects/mei/frontend/src/lib/components/ui/range-calendar/range-calendar.svelte", "Svelte", 0, 0, 0, 0, 0, 0, 0, 0, 0, 0, 0, 0, 108, 0, 0, 5, 113
"/home/danny/projects/mei/frontend/src/lib/components/ui/resizable/index.ts", "TypeScript", 0, 0, 0, 0, 0, 0, 0, 0, 11, 0, 0, 0, 0, 0, 1, 2, 14
"/home/danny/projects/mei/frontend/src/lib/components/ui/resizable/resizable-handle.svelte", "Svelte", 0, 0, 0, 0, 0, 0, 0, 0, 0, 0, 0, 0, 28, 0, 0, 3, 31
"/home/danny/projects/mei/frontend/src/lib/components/ui/resizable/resizable-pane-group.svelte", "Svelte", 0, 0, 0, 0, 0, 0, 0, 0, 0, 0, 0, 0, 18, 0, 0, 3, 21
"/home/danny/projects/mei/frontend/src/lib/components/ui/scroll-area/index.ts", "TypeScript", 0, 0, 0, 0, 0, 0, 0, 0, 8, 0, 0, 0, 0, 0, 1, 2, 11
"/home/danny/projects/mei/frontend/src/lib/components/ui/scroll-area/scroll-area-scrollbar.svelte", "Svelte", 0, 0, 0, 0, 0, 0, 0, 0, 0, 0, 0, 0, 29, 0, 0, 3, 32
"/home/danny/projects/mei/frontend/src/lib/components/ui/scroll-area/scroll-area.svelte", "Svelte", 0, 0, 0, 0, 0, 0, 0, 0, 0, 0, 0, 0, 38, 0, 0, 3, 41
"/home/danny/projects/mei/frontend/src/lib/components/ui/select/index.ts", "TypeScript", 0, 0, 0, 0, 0, 0, 0, 0, 33, 0, 0, 0, 0, 0, 1, 4, 38
"/home/danny/projects/mei/frontend/src/lib/components/ui/select/select-content.svelte", "Svelte", 0, 0, 0, 0, 0, 0, 0, 0, 0, 0, 0, 0, 38, 0, 0, 3, 41
"/home/danny/projects/mei/frontend/src/lib/components/ui/select/select-group-heading.svelte", "Svelte", 0, 0, 0, 0, 0, 0, 0, 0, 0, 0, 0, 0, 19, 0, 0, 3, 22
"/home/danny/projects/mei/frontend/src/lib/components/ui/select/select-group.svelte", "Svelte", 0, 0, 0, 0, 0, 0, 0, 0, 0, 0, 0, 0, 5, 0, 0, 3, 8
"/home/danny/projects/mei/frontend/src/lib/components/ui/select/select-item.svelte", "Svelte", 0, 0, 0, 0, 0, 0, 0, 0, 0, 0, 0, 0, 36, 0, 0, 3, 39
"/home/danny/projects/mei/frontend/src/lib/components/ui/select/select-label.svelte", "Svelte", 0, 0, 0, 0, 0, 0, 0, 0, 0, 0, 0, 0, 18, 0, 0, 3, 21
"/home/danny/projects/mei/frontend/src/lib/components/ui/select/select-scroll-down-button.svelte", "Svelte", 0, 0, 0, 0, 0, 0, 0, 0, 0, 0, 0, 0, 18, 0, 0, 3, 21
"/home/danny/projects/mei/frontend/src/lib/components/ui/select/select-scroll-up-button.svelte", "Svelte", 0, 0, 0, 0, 0, 0, 0, 0, 0, 0, 0, 0, 18, 0, 0, 3, 21
"/home/danny/projects/mei/frontend/src/lib/components/ui/select/select-separator.svelte", "Svelte", 0, 0, 0, 0, 0, 0, 0, 0, 0, 0, 0, 0, 16, 0, 0, 3, 19
"/home/danny/projects/mei/frontend/src/lib/components/ui/select/select-trigger.svelte", "Svelte", 0, 0, 0, 0, 0, 0, 0, 0, 0, 0, 0, 0, 27, 0, 0, 3, 30
"/home/danny/projects/mei/frontend/src/lib/components/ui/separator/index.ts", "TypeScript", 0, 0, 0, 0, 0, 0, 0, 0, 5, 0, 0, 0, 0, 0, 1, 2, 8
"/home/danny/projects/mei/frontend/src/lib/components/ui/separator/separator.svelte", "Svelte", 0, 0, 0, 0, 0, 0, 0, 0, 0, 0, 0, 0, 19, 0, 0, 3, 22
"/home/danny/projects/mei/frontend/src/lib/components/ui/sheet/index.ts", "TypeScript", 0, 0, 0, 0, 0, 0, 0, 0, 33, 0, 0, 0, 0, 0, 1, 3, 37
"/home/danny/projects/mei/frontend/src/lib/components/ui/sheet/sheet-close.svelte", "Svelte", 0, 0, 0, 0, 0, 0, 0, 0, 0, 0, 0, 0, 5, 0, 0, 3, 8
"/home/danny/projects/mei/frontend/src/lib/components/ui/sheet/sheet-content.svelte", "Svelte", 0, 0, 0, 0, 0, 0, 0, 0, 0, 0, 0, 0, 54, 0, 0, 5, 59
"/home/danny/projects/mei/frontend/src/lib/components/ui/sheet/sheet-description.svelte", "Svelte", 0, 0, 0, 0, 0, 0, 0, 0, 0, 0, 0, 0, 15, 0, 0, 3, 18
"/home/danny/projects/mei/frontend/src/lib/components/ui/sheet/sheet-footer.svelte", "Svelte", 0, 0, 0, 0, 0, 0, 0, 0, 0, 0, 0, 0, 18, 0, 0, 3, 21
"/home/danny/projects/mei/frontend/src/lib/components/ui/sheet/sheet-header.svelte", "Svelte", 0, 0, 0, 0, 0, 0, 0, 0, 0, 0, 0, 0, 18, 0, 0, 3, 21
"/home/danny/projects/mei/frontend/src/lib/components/ui/sheet/sheet-overlay.svelte", "Svelte", 0, 0, 0, 0, 0, 0, 0, 0, 0, 0, 0, 0, 18, 0, 0, 3, 21
"/home/danny/projects/mei/frontend/src/lib/components/ui/sheet/sheet-title.svelte", "Svelte", 0, 0, 0, 0, 0, 0, 0, 0, 0, 0, 0, 0, 15, 0, 0, 3, 18
"/home/danny/projects/mei/frontend/src/lib/components/ui/sheet/sheet-trigger.svelte", "Svelte", 0, 0, 0, 0, 0, 0, 0, 0, 0, 0, 0, 0, 5, 0, 0, 3, 8
"/home/danny/projects/mei/frontend/src/lib/components/ui/sidebar/constants.ts", "TypeScript", 0, 0, 0, 0, 0, 0, 0, 0, 6, 0, 0, 0, 0, 0, 0, 1, 7
"/home/danny/projects/mei/frontend/src/lib/components/ui/sidebar/context.svelte.ts", "TypeScript", 0, 0, 0, 0, 0, 0, 0, 0, 45, 0, 0, 0, 0, 0, 24, 13, 82
"/home/danny/projects/mei/frontend/src/lib/components/ui/sidebar/index.ts", "TypeScript", 0, 0, 0, 0, 0, 0, 0, 0, 73, 0, 0, 0, 0, 0, 1, 2, 76
"/home/danny/projects/mei/frontend/src/lib/components/ui/sidebar/sidebar-content.svelte", "Svelte", 0, 0, 0, 0, 0, 0, 0, 0, 0, 0, 0, 0, 22, 0, 0, 3, 25
"/home/danny/projects/mei/frontend/src/lib/components/ui/sidebar/sidebar-footer.svelte", "Svelte", 0, 0, 0, 0, 0, 0, 0, 0, 0, 0, 0, 0, 19, 0, 0, 3, 22
"/home/danny/projects/mei/frontend/src/lib/components/ui/sidebar/sidebar-group-action.svelte", "Svelte", 0, 0, 0, 0, 0, 0, 0, 0, 0, 0, 0, 0, 33, 0, 0, 4, 37
"/home/danny/projects/mei/frontend/src/lib/components/ui/sidebar/sidebar-group-content.svelte", "Svelte", 0, 0, 0, 0, 0, 0, 0, 0, 0, 0, 0, 0, 19, 0, 0, 3, 22
"/home/danny/projects/mei/frontend/src/lib/components/ui/sidebar/sidebar-group-label.svelte", "Svelte", 0, 0, 0, 0, 0, 0, 0, 0, 0, 0, 0, 0, 31, 0, 0, 4, 35
"/home/danny/projects/mei/frontend/src/lib/components/ui/sidebar/sidebar-group.svelte", "Svelte", 0, 0, 0, 0, 0, 0, 0, 0, 0, 0, 0, 0, 19, 0, 0, 3, 22
"/home/danny/projects/mei/frontend/src/lib/components/ui/sidebar/sidebar-header.svelte", "Svelte", 0, 0, 0, 0, 0, 0, 0, 0, 0, 0, 0, 0, 19, 0, 0, 3, 22
"/home/danny/projects/mei/frontend/src/lib/components/ui/sidebar/sidebar-input.svelte", "Svelte", 0, 0, 0, 0, 0, 0, 0, 0, 0, 0, 0, 0, 19, 0, 0, 3, 22
"/home/danny/projects/mei/frontend/src/lib/components/ui/sidebar/sidebar-inset.svelte", "Svelte", 0, 0, 0, 0, 0, 0, 0, 0, 0, 0, 0, 0, 22, 0, 0, 3, 25
"/home/danny/projects/mei/frontend/src/lib/components/ui/sidebar/sidebar-menu-action.svelte", "Svelte", 0, 0, 0, 0, 0, 0, 0, 0, 0, 0, 0, 0, 40, 0, 0, 4, 44
"/home/danny/projects/mei/frontend/src/lib/components/ui/sidebar/sidebar-menu-badge.svelte", "Svelte", 0, 0, 0, 0, 0, 0, 0, 0, 0, 0, 0, 0, 27, 0, 0, 3, 30
"/home/danny/projects/mei/frontend/src/lib/components/ui/sidebar/sidebar-menu-button.svelte", "Svelte", 0, 0, 0, 0, 0, 0, 0, 0, 0, 0, 0, 0, 95, 0, 0, 9, 104
"/home/danny/projects/mei/frontend/src/lib/components/ui/sidebar/sidebar-menu-item.svelte", "Svelte", 0, 0, 0, 0, 0, 0, 0, 0, 0, 0, 0, 0, 19, 0, 0, 3, 22
"/home/danny/projects/mei/frontend/src/lib/components/ui/sidebar/sidebar-menu-skeleton.svelte", "Svelte", 0, 0, 0, 0, 0, 0, 0, 0, 0, 0, 0, 0, 33, 0, 0, 4, 37
"/home/danny/projects/mei/frontend/src/lib/components/ui/sidebar/sidebar-menu-sub-button.svelte", "Svelte", 0, 0, 0, 0, 0, 0, 0, 0, 0, 0, 0, 0, 40, 0, 0, 4, 44
"/home/danny/projects/mei/frontend/src/lib/components/ui/sidebar/sidebar-menu-sub-item.svelte", "Svelte", 0, 0, 0, 0, 0, 0, 0, 0, 0, 0, 0, 0, 19, 0, 0, 3, 22
"/home/danny/projects/mei/frontend/src/lib/components/ui/sidebar/sidebar-menu-sub.svelte", "Svelte", 0, 0, 0, 0, 0, 0, 0, 0, 0, 0, 0, 0, 23, 0, 0, 3, 26
"/home/danny/projects/mei/frontend/src/lib/components/ui/sidebar/sidebar-menu.svelte", "Svelte", 0, 0, 0, 0, 0, 0, 0, 0, 0, 0, 0, 0, 19, 0, 0, 3, 22
"/home/danny/projects/mei/frontend/src/lib/components/ui/sidebar/sidebar-provider.svelte", "Svelte", 0, 0, 0, 0, 0, 0, 0, 0, 0, 0, 0, 0, 48, 0, 0, 6, 54
"/home/danny/projects/mei/frontend/src/lib/components/ui/sidebar/sidebar-rail.svelte", "Svelte", 0, 0, 0, 0, 0, 0, 0, 0, 0, 0, 0, 0, 33, 0, 0, 4, 37
"/home/danny/projects/mei/frontend/src/lib/components/ui/sidebar/sidebar-separator.svelte", "Svelte", 0, 0, 0, 0, 0, 0, 0, 0, 0, 0, 0, 0, 17, 0, 0, 3, 20
"/home/danny/projects/mei/frontend/src/lib/components/ui/sidebar/sidebar-trigger.svelte", "Svelte", 0, 0, 0, 0, 0, 0, 0, 0, 0, 0, 0, 0, 32, 0, 0, 4, 36
"/home/danny/projects/mei/frontend/src/lib/components/ui/sidebar/sidebar.svelte", "Svelte", 0, 0, 0, 0, 0, 0, 0, 0, 0, 0, 0, 0, 100, 0, 1, 4, 105
"/home/danny/projects/mei/frontend/src/lib/components/ui/skeleton/index.ts", "TypeScript", 0, 0, 0, 0, 0, 0, 0, 0, 5, 0, 0, 0, 0, 0, 1, 2, 8
"/home/danny/projects/mei/frontend/src/lib/components/ui/skeleton/skeleton.svelte", "Svelte", 0, 0, 0, 0, 0, 0, 0, 0, 0, 0, 0, 0, 15, 0, 0, 3, 18
"/home/danny/projects/mei/frontend/src/lib/components/ui/slider/index.ts", "TypeScript", 0, 0, 0, 0, 0, 0, 0, 0, 5, 0, 0, 0, 0, 0, 1, 2, 8
"/home/danny/projects/mei/frontend/src/lib/components/ui/slider/slider.svelte", "Svelte", 0, 0, 0, 0, 0, 0, 0, 0, 0, 0, 0, 0, 46, 0, 4, 3, 53
"/home/danny/projects/mei/frontend/src/lib/components/ui/sonner/index.ts", "TypeScript", 0, 0, 0, 0, 0, 0, 0, 0, 1, 0, 0, 0, 0, 0, 0, 1, 2
"/home/danny/projects/mei/frontend/src/lib/components/ui/sonner/sonner.svelte", "Svelte", 0, 0, 0, 0, 0, 0, 0, 0, 0, 0, 0, 0, 11, 0, 0, 3, 14
"/home/danny/projects/mei/frontend/src/lib/components/ui/spinner/index.ts", "TypeScript", 0, 0, 0, 0, 0, 0, 0, 0, 1, 0, 0, 0, 0, 0, 0, 1, 2
"/home/danny/projects/mei/frontend/src/lib/components/ui/spinner/spinner.svelte", "Svelte", 0, 0, 0, 0, 0, 0, 0, 0, 0, 0, 0, 0, 13, 0, 0, 4, 17
"/home/danny/projects/mei/frontend/src/lib/components/ui/switch/index.ts", "TypeScript", 0, 0, 0, 0, 0, 0, 0, 0, 5, 0, 0, 0, 0, 0, 1, 2, 8
"/home/danny/projects/mei/frontend/src/lib/components/ui/switch/switch.svelte", "Svelte", 0, 0, 0, 0, 0, 0, 0, 0, 0, 0, 0, 0, 27, 0, 0, 3, 30
"/home/danny/projects/mei/frontend/src/lib/components/ui/table/index.ts", "TypeScript", 0, 0, 0, 0, 0, 0, 0, 0, 26, 0, 0, 0, 0, 0, 1, 2, 29
"/home/danny/projects/mei/frontend/src/lib/components/ui/table/table-body.svelte", "Svelte", 0, 0, 0, 0, 0, 0, 0, 0, 0, 0, 0, 0, 18, 0, 0, 3, 21
"/home/danny/projects/mei/frontend/src/lib/components/ui/table/table-caption.svelte", "Svelte", 0, 0, 0, 0, 0, 0, 0, 0, 0, 0, 0, 0, 18, 0, 0, 3, 21
"/home/danny/projects/mei/frontend/src/lib/components/ui/table/table-cell.svelte", "Svelte", 0, 0, 0, 0, 0, 0, 0, 0, 0, 0, 0, 0, 21, 0, 0, 3, 24
"/home/danny/projects/mei/frontend/src/lib/components/ui/table/table-footer.svelte", "Svelte", 0, 0, 0, 0, 0, 0, 0, 0, 0, 0, 0, 0, 18, 0, 0, 3, 21
"/home/danny/projects/mei/frontend/src/lib/components/ui/table/table-head.svelte", "Svelte", 0, 0, 0, 0, 0, 0, 0, 0, 0, 0, 0, 0, 21, 0, 0, 3, 24
"/home/danny/projects/mei/frontend/src/lib/components/ui/table/table-header.svelte", "Svelte", 0, 0, 0, 0, 0, 0, 0, 0, 0, 0, 0, 0, 18, 0, 0, 3, 21
"/home/danny/projects/mei/frontend/src/lib/components/ui/table/table-row.svelte", "Svelte", 0, 0, 0, 0, 0, 0, 0, 0, 0, 0, 0, 0, 21, 0, 0, 3, 24
"/home/danny/projects/mei/frontend/src/lib/components/ui/table/table.svelte", "Svelte", 0, 0, 0, 0, 0, 0, 0, 0, 0, 0, 0, 0, 20, 0, 0, 3, 23
"/home/danny/projects/mei/frontend/src/lib/components/ui/tabs/index.ts", "TypeScript", 0, 0, 0, 0, 0, 0, 0, 0, 14, 0, 0, 0, 0, 0, 1, 2, 17
"/home/danny/projects/mei/frontend/src/lib/components/ui/tabs/tabs-content.svelte", "Svelte", 0, 0, 0, 0, 0, 0, 0, 0, 0, 0, 0, 0, 15, 0, 0, 3, 18
"/home/danny/projects/mei/frontend/src/lib/components/ui/tabs/tabs-list.svelte", "Svelte", 0, 0, 0, 0, 0, 0, 0, 0, 0, 0, 0, 0, 18, 0, 0, 3, 21
"/home/danny/projects/mei/frontend/src/lib/components/ui/tabs/tabs-trigger.svelte", "Svelte", 0, 0, 0, 0, 0, 0, 0, 0, 0, 0, 0, 0, 18, 0, 0, 3, 21
"/home/danny/projects/mei/frontend/src/lib/components/ui/tabs/tabs.svelte", "Svelte", 0, 0, 0, 0, 0, 0, 0, 0, 0, 0, 0, 0, 17, 0, 0, 3, 20
"/home/danny/projects/mei/frontend/src/lib/components/ui/textarea/index.ts", "TypeScript", 0, 0, 0, 0, 0, 0, 0, 0, 5, 0, 0, 0, 0, 0, 1, 2, 8
"/home/danny/projects/mei/frontend/src/lib/components/ui/textarea/textarea.svelte", "Svelte", 0, 0, 0, 0, 0, 0, 0, 0, 0, 0, 0, 0, 21, 0, 0, 3, 24
"/home/danny/projects/mei/frontend/src/lib/components/ui/toggle-group/index.ts", "TypeScript", 0, 0, 0, 0, 0, 0, 0, 0, 8, 0, 0, 0, 0, 0, 1, 2, 11
"/home/danny/projects/mei/frontend/src/lib/components/ui/toggle-group/toggle-group-item.svelte", "Svelte", 0, 0, 0, 0, 0, 0, 0, 0, 0, 0, 0, 0, 31, 0, 0, 4, 35
"/home/danny/projects/mei/frontend/src/lib/components/ui/toggle-group/toggle-group.svelte", "Svelte", 0, 0, 0, 0, 0, 0, 0, 0, 0, 0, 0, 0, 38, 0, 4, 6, 48
"/home/danny/projects/mei/frontend/src/lib/components/ui/toggle/index.ts", "TypeScript", 0, 0, 0, 0, 0, 0, 0, 0, 11, 0, 0, 0, 0, 0, 1, 2, 14
"/home/danny/projects/mei/frontend/src/lib/components/ui/toggle/toggle.svelte", "Svelte", 0, 0, 0, 0, 0, 0, 0, 0, 0, 0, 0, 0, 47, 0, 0, 6, 53
"/home/danny/projects/mei/frontend/src/lib/components/ui/tooltip/index.ts", "TypeScript", 0, 0, 0, 0, 0, 0, 0, 0, 18, 0, 0, 0, 0, 0, 1, 3, 22
"/home/danny/projects/mei/frontend/src/lib/components/ui/tooltip/tooltip-content.svelte", "Svelte", 0, 0, 0, 0, 0, 0, 0, 0, 0, 0, 0, 0, 45, 0, 0, 3, 48
"/home/danny/projects/mei/frontend/src/lib/components/ui/tooltip/tooltip-trigger.svelte", "Svelte", 0, 0, 0, 0, 0, 0, 0, 0, 0, 0, 0, 0, 5, 0, 0, 3, 8
"/home/danny/projects/mei/frontend/src/lib/constants.ts", "TypeScript", 0, 0, 0, 0, 0, 0, 0, 0, 18, 0, 0, 0, 0, 0, 0, 1, 19
"/home/danny/projects/mei/frontend/src/lib/hooks/is-mobile.svelte.ts", "TypeScript", 0, 0, 0, 0, 0, 0, 0, 0, 7, 0, 0, 0, 0, 0, 0, 3, 10
"/home/danny/projects/mei/frontend/src/lib/hooks/use-mobile.ts", "TypeScript", 0, 0, 0, 0, 0, 0, 0, 0, 15, 0, 0, 0, 0, 0, 0, 5, 20
"/home/danny/projects/mei/frontend/src/lib/hooks/use-tiptap-editor.ts", "TypeScript", 0, 0, 0, 0, 0, 0, 0, 0, 32, 0, 0, 0, 0, 0, 11, 5, 48
"/home/danny/projects/mei/frontend/src/lib/stores/Search.svelte.ts", "TypeScript", 0, 0, 0, 0, 0, 0, 0, 0, 38, 0, 0, 0, 0, 0, 0, 8, 46
"/home/danny/projects/mei/frontend/src/lib/utils.ts", "TypeScript", 0, 0, 0, 0, 0, 0, 0, 0, 19, 0, 0, 0, 0, 0, 0, 4, 23
"/home/danny/projects/mei/frontend/src/lib/wailsjs/go/main/App.d.ts", "TypeScript", 0, 0, 0, 0, 0, 0, 0, 0, 5, 0, 0, 0, 0, 0, 2, 6, 13
"/home/danny/projects/mei/frontend/src/lib/wailsjs/go/main/App.js", "JavaScript", 0, 0, 0, 0, 0, 0, 15, 0, 0, 0, 0, 0, 0, 0, 3, 6, 24
"/home/danny/projects/mei/frontend/src/lib/wailsjs/runtime/package.json", "JSON", 0, 0, 24, 0, 0, 0, 0, 0, 0, 0, 0, 0, 0, 0, 0, 1, 25
"/home/danny/projects/mei/frontend/src/lib/wailsjs/runtime/runtime.d.ts", "TypeScript", 0, 0, 0, 0, 0, 0, 0, 0, 72, 0, 0, 0, 0, 0, 120, 57, 249
"/home/danny/projects/mei/frontend/src/lib/wailsjs/runtime/runtime.js", "JavaScript", 0, 0, 0, 0, 0, 0, 157, 0, 0, 0, 0, 0, 0, 0, 28, 53, 238
"/home/danny/projects/mei/frontend/src/routes/+layout.svelte", "Svelte", 0, 0, 0, 0, 0, 0, 0, 0, 0, 0, 0, 0, 13, 0, 0, 4, 17
"/home/danny/projects/mei/frontend/src/routes/+page.svelte", "Svelte", 0, 0, 0, 0, 0, 0, 0, 0, 0, 0, 0, 0, 16, 0, 0, 4, 20
"/home/danny/projects/mei/frontend/src/styles/_keyframe-animations.scss", "SCSS", 0, 0, 0, 0, 0, 0, 0, 0, 0, 0, 82, 0, 0, 0, 0, 10, 92
"/home/danny/projects/mei/frontend/src/styles/_variables.scss", "SCSS", 0, 0, 0, 0, 0, 0, 0, 0, 0, 0, 229, 0, 0, 0, 35, 33, 297
"/home/danny/projects/mei/frontend/svelte.config.js", "JavaScript", 0, 0, 0, 0, 0, 0, 10, 0, 0, 0, 0, 0, 0, 0, 6, 5, 21
"/home/danny/projects/mei/frontend/tsconfig.json", "JSON with Comments", 0, 0, 0, 0, 0, 0, 0, 0, 0, 24, 0, 0, 0, 0, 5, 0, 29
"/home/danny/projects/mei/frontend/vite.config.ts", "TypeScript", 0, 0, 0, 0, 0, 0, 0, 0, 13, 0, 0, 0, 0, 0, 0, 3, 16
"/home/danny/projects/mei/main.go", "Go", 27, 0, 0, 0, 0, 0, 0, 0, 0, 0, 0, 0, 0, 0, 4, 8, 39
"/home/danny/projects/mei/meilisearch.go", "Go", 468, 0, 0, 0, 0, 0, 0, 0, 0, 0, 0, 0, 0, 0, 24, 81, 573
"/home/danny/projects/mei/typesense.go", "Go", 464, 0, 0, 0, 0, 0, 0, 0, 0, 0, 0, 0, 0, 0, 26, 75, 565
"/home/danny/projects/mei/typesense/compose.yaml", "YAML", 0, 0, 0, 9, 0, 0, 0, 0, 0, 0, 0, 0, 0, 0, 0, 0, 9
"/home/danny/projects/mei/typesense/typesense-data/db/000434.log", "Log", 0, 0, 0, 0, 0, 0, 0, 0, 0, 0, 0, 0, 0, 0, 0, 1, 1
"/home/danny/projects/mei/typesense/typesense-data/db/archive/000422.log", "Log", 0, 0, 0, 0, 2, 0, 0, 0, 0, 0, 0, 0, 0, 0, 0, 0, 2
"/home/danny/projects/mei/typesense/typesense-data/db/archive/000426.log", "Log", 0, 0, 0, 0, 2, 0, 0, 0, 0, 0, 0, 0, 0, 0, 0, 0, 2
"/home/danny/projects/mei/typesense/typesense-data/db/archive/000429.log", "Log", 0, 0, 0, 0, 2, 0, 0, 0, 0, 0, 0, 0, 0, 0, 0, 0, 2
"/home/danny/projects/mei/typesense/typesense-data/db/archive/000431.log", "Log", 0, 0, 0, 0, 2, 0, 0, 0, 0, 0, 0, 0, 0, 0, 0, 0, 2
"/home/danny/projects/mei/typesense/typesense-data/meta/000004.log", "Log", 0, 0, 0, 0, 0, 0, 0, 0, 0, 0, 0, 0, 0, 0, 0, 1, 1
"/home/danny/projects/mei/typesense/typesense-data/meta/000008.log", "Log", 0, 0, 0, 0, 0, 0, 0, 0, 0, 0, 0, 0, 0, 0, 0, 1, 1
"/home/danny/projects/mei/typesense/typesense-data/meta/000012.log", "Log", 0, 0, 0, 0, 0, 0, 0, 0, 0, 0, 0, 0, 0, 0, 0, 1, 1
"/home/danny/projects/mei/typesense/typesense-data/meta/000016.log", "Log", 0, 0, 0, 0, 0, 0, 0, 0, 0, 0, 0, 0, 0, 0, 0, 1, 1
"/home/danny/projects/mei/typesense/typesense-data/meta/000020.log", "Log", 0, 0, 0, 0, 0, 0, 0, 0, 0, 0, 0, 0, 0, 0, 0, 1, 1
"/home/danny/projects/mei/typesense/typesense-data/meta/000024.log", "Log", 0, 0, 0, 0, 0, 0, 0, 0, 0, 0, 0, 0, 0, 0, 0, 1, 1
"/home/danny/projects/mei/typesense/typesense-data/meta/000028.log", "Log", 0, 0, 0, 0, 0, 0, 0, 0, 0, 0, 0, 0, 0, 0, 0, 1, 1
"/home/danny/projects/mei/typesense/typesense-data/meta/000032.log", "Log", 0, 0, 0, 0, 0, 0, 0, 0, 0, 0, 0, 0, 0, 0, 0, 1, 1
"Total", "-", 1073, 25, 397, 3225, 8, 62, 17686, 156, 1978, 76, 1341, 669, 7164, 1, 1897, 2978, 38736